".rownames","Mean","SD","Naive.SE","Time.series.SE","tree","varnames","prior","model"
"Lh",-63.058535095313,1.78256293349727,0.0012604623381677,0.00126046327148847,"iqtree","Rec_binary_v_bristle_binary","uniform","independent"
"alpha1",0.3730054355245,0.496087748749223,0.000350787011204144,0.000351125116888664,"iqtree","Rec_binary_v_bristle_binary","uniform","independent"
"beta1",1.1848563629775,0.455560745091774,0.00032213009209679,0.000322130275676293,"iqtree","Rec_binary_v_bristle_binary","uniform","independent"
"alpha2",0.4040825388765,0.757170736622567,0.00053540056238183,0.000538921419091801,"iqtree","Rec_binary_v_bristle_binary","uniform","independent"
"beta2",1.5333768546175,0.63669079076602,0.000450208375669678,0.000453220343458432,"iqtree","Rec_binary_v_bristle_binary","uniform","independent"
"Root...P.0.0.",0.167232792438,0.124586624454883,0.0000880960469971897,0.0000881048416617587,"iqtree","Rec_binary_v_bristle_binary","uniform","independent"
"Root...P.0.1.",0.2690785662625,0.160930073923952,0.000113794746568479,0.000113794799577113,"iqtree","Rec_binary_v_bristle_binary","uniform","independent"
"Root...P.1.0.",0.2160542724345,0.142870180755133,0.000101024473641303,0.000101024546422495,"iqtree","Rec_binary_v_bristle_binary","uniform","independent"
"Root...P.1.1.",0.347634369351,0.175468329707924,0.00012407484581995,0.000124074924982715,"iqtree","Rec_binary_v_bristle_binary","uniform","independent"
"Lh",-42.1231478147545,2.04375986788376,0.00144515646169753,0.00144567122261995,"iqtree","Rec_binary_v_bristle_binary","uniform","dependent"
"q12",0.8567579016995,1.28473465283413,0.00090844458504436,0.000909456302162791,"iqtree","Rec_binary_v_bristle_binary","uniform","dependent"
"q13",1.944131072745,3.42954617409741,0.00242505535609666,0.00242173272047765,"iqtree","Rec_binary_v_bristle_binary","uniform","dependent"
"q21",54.3332827300355,26.6454126428443,0.0188411519672689,0.0188534641347674,"iqtree","Rec_binary_v_bristle_binary","uniform","dependent"
"q24",46.0604108406005,28.4518466922659,0.0201184937333813,0.0201253032652231,"iqtree","Rec_binary_v_bristle_binary","uniform","dependent"
"q31",36.882417736353,25.7531069818669,0.0182101965835007,0.0181907940611254,"iqtree","Rec_binary_v_bristle_binary","uniform","dependent"
"q34",34.9773322698005,29.2012154624701,0.0206483774724021,0.0206797066589043,"iqtree","Rec_binary_v_bristle_binary","uniform","dependent"
"q42",0.9480374960585,0.960269443840609,0.000679013035505929,0.000679721361328722,"iqtree","Rec_binary_v_bristle_binary","uniform","dependent"
"q43",2.7884665021735,2.39797156281724,0.00169562195316058,0.00169708873633741,"iqtree","Rec_binary_v_bristle_binary","uniform","dependent"
"Root...P.0.0.",0.182503203332,0.0768291850081459,0.0000543264377122958,0.000054368908901506,"iqtree","Rec_binary_v_bristle_binary","uniform","dependent"
"Root...P.0.1.",0.352537553047,0.0872934270215416,0.0000617257741999451,0.0000617585581011821,"iqtree","Rec_binary_v_bristle_binary","uniform","dependent"
"Root...P.1.0.",0.3027091014005,0.0858898046394725,0.0000607332632953588,0.0000607742175316191,"iqtree","Rec_binary_v_bristle_binary","uniform","dependent"
"Root...P.1.1.",0.1622501431055,0.0650244121562428,0.0000459792027783482,0.0000459262261245818,"iqtree","Rec_binary_v_bristle_binary","uniform","dependent"
"Lh",-62.941698642074,1.69004607383795,0.00119504303932852,0.00119504255754469,"iqtree","Rec_binary_v_bristle_binary","exp","independent"
"alpha1",0.3573134973475,0.332418533075443,0.000235055398929731,0.000234928891520861,"iqtree","Rec_binary_v_bristle_binary","exp","independent"
"beta1",1.1648523945815,0.40839418578182,0.000288778298163484,0.000288572674781405,"iqtree","Rec_binary_v_bristle_binary","exp","independent"
"alpha2",0.378624951468,0.367970414605653,0.000260194375443683,0.000260337225853554,"iqtree","Rec_binary_v_bristle_binary","exp","independent"
"beta2",1.50110011856,0.47716689864349,0.000337407949788566,0.000336948362697846,"iqtree","Rec_binary_v_bristle_binary","exp","independent"
"Root...P.0.0.",0.1646167287355,0.123998363910903,0.0000876800839774371,0.0000877991080876901,"iqtree","Rec_binary_v_bristle_binary","exp","independent"
"Root...P.0.1.",0.2687833763785,0.161609236583068,0.000114274987090269,0.00011427492082519,"iqtree","Rec_binary_v_bristle_binary","exp","independent"
"Root...P.1.0.",0.2152524234075,0.143204951445606,0.000101261192266679,0.000101380858061727,"iqtree","Rec_binary_v_bristle_binary","exp","independent"
"Root...P.1.1.",0.3513474710025,0.176670329469364,0.000124924788002249,0.000125039095697988,"iqtree","Rec_binary_v_bristle_binary","exp","independent"
"Lh",-41.5779995768165,1.85982847834428,0.0013150973288811,0.00131611773527898,"iqtree","Rec_binary_v_bristle_binary","exp","dependent"
"q12",0.5783147561315,0.766147098367278,0.000541747808641899,0.000541148311154785,"iqtree","Rec_binary_v_bristle_binary","exp","dependent"
"q13",0.834039546842,1.13109769476882,0.000799806850155505,0.000800456050790089,"iqtree","Rec_binary_v_bristle_binary","exp","dependent"
"q21",18.895037213661,13.9742373040574,0.00988127795960898,0.00988128069307525,"iqtree","Rec_binary_v_bristle_binary","exp","dependent"
"q24",13.1110508408475,11.832516515972,0.0083668526669456,0.00836332574637587,"iqtree","Rec_binary_v_bristle_binary","exp","dependent"
"q31",17.554445992251,10.3708498869784,0.00733329828175018,0.00733718315328786,"iqtree","Rec_binary_v_bristle_binary","exp","dependent"
"q34",10.296708744317,9.51074069189585,0.0067251092373464,0.00672172308063783,"iqtree","Rec_binary_v_bristle_binary","exp","dependent"
"q42",0.567420359115,0.588681279920013,0.000416260524989017,0.00041602875061419,"iqtree","Rec_binary_v_bristle_binary","exp","dependent"
"q43",1.706669456872,0.980741893091899,0.000693489243199014,0.000694054351608214,"iqtree","Rec_binary_v_bristle_binary","exp","dependent"
"Root...P.0.0.",0.1405062761435,0.0747759479735675,0.0000528745798817621,0.0000529157126388508,"iqtree","Rec_binary_v_bristle_binary","exp","dependent"
"Root...P.0.1.",0.341126198931,0.108982274031468,0.0000770621049967819,0.0000769797278090192,"iqtree","Rec_binary_v_bristle_binary","exp","dependent"
"Root...P.1.0.",0.348911001339,0.112133648228841,0.0000792904630618003,0.0000792700025755156,"iqtree","Rec_binary_v_bristle_binary","exp","dependent"
"Root...P.1.1.",0.1694565228705,0.0870142277981316,0.0000615283505357698,0.0000615282767655784,"iqtree","Rec_binary_v_bristle_binary","exp","dependent"
"Lh",-64.374792316108,2.49006204437307,0.00176073975715143,0.00176633485505125,"iqtree","Rec_binary_v_bristle_binary","rjhp","independent"
"No.Off.Parmeters",1.384618,0.489353771631069,0.000346025370319542,0.000348087671016669,"iqtree","Rec_binary_v_bristle_binary","rjhp","independent"
"No.Off.Zero",0.088665,0.284259666813249,0.000201001938021477,0.000205256064610611,"iqtree","Rec_binary_v_bristle_binary","rjhp","independent"
"alpha1",0.492479492177,0.38562501379341,0.000272678062248476,0.000273956691000741,"iqtree","Rec_binary_v_bristle_binary","rjhp","independent"
"beta1",0.9112061511275,0.275256125882819,0.000194635473174879,0.000194821785306529,"iqtree","Rec_binary_v_bristle_binary","rjhp","independent"
"alpha2",0.528567904015,0.384160132523161,0.00027164223476865,0.000273165876292873,"iqtree","Rec_binary_v_bristle_binary","rjhp","independent"
"beta2",0.9152586238345,0.275818873078387,0.000195033395532959,0.000195260882538808,"iqtree","Rec_binary_v_bristle_binary","rjhp","independent"
"Root...P.0.0.",0.347887485607,0.264886102124545,0.000187302759054338,0.000187196764457419,"iqtree","Rec_binary_v_bristle_binary","rjhp","independent"
"Root...P.0.1.",0.1725731344755,0.116630441430374,0.0000824701760281981,0.0000841484385150676,"iqtree","Rec_binary_v_bristle_binary","rjhp","independent"
"Root...P.1.0.",0.20062623694,0.156905368691109,0.000110948850206059,0.000113341343379168,"iqtree","Rec_binary_v_bristle_binary","rjhp","independent"
"Root...P.1.1.",0.2789131439815,0.304750320898848,0.000215491018476352,0.000216035457079892,"iqtree","Rec_binary_v_bristle_binary","rjhp","independent"
"RJRates...Shape",0.663766571121,0.226322594446837,0.000160034241269092,0.000160034350377947,"iqtree","Rec_binary_v_bristle_binary","rjhp","independent"
"RJRates...Scale",0.668005895059,0.208489485766313,0.000147424329191456,0.000147544695954086,"iqtree","Rec_binary_v_bristle_binary","rjhp","independent"
"Lh",-45.5092648499545,3.38078536229985,0.00239057625541844,0.00241649609832268,"iqtree","Rec_binary_v_bristle_binary","rjhp","dependent"
"No.Off.Parmeters",1.431587,0.504701682970143,0.000356877982504451,0.000378939457764261,"iqtree","Rec_binary_v_bristle_binary","rjhp","dependent"
"No.Off.Zero",3.246697,0.616764769089797,0.00043611855062035,0.000508518662707946,"iqtree","Rec_binary_v_bristle_binary","rjhp","dependent"
"q12",0.0080715553995,0.0817228595240547,0.0000577867881474147,0.0000611732443339635,"iqtree","Rec_binary_v_bristle_binary","rjhp","dependent"
"q13",0.0143012715905,0.114988118279695,0.0000813088781914534,0.0000872339392277713,"iqtree","Rec_binary_v_bristle_binary","rjhp","dependent"
"q21",2.3927370048025,2.22562902505459,0.0015737573760217,0.00162239209637035,"iqtree","Rec_binary_v_bristle_binary","rjhp","dependent"
"q24",3.4073075315875,1.86486143329787,0.00131865616545819,0.00134541204457801,"iqtree","Rec_binary_v_bristle_binary","rjhp","dependent"
"q31",3.750142745512,1.83294669552381,0.00129608903795836,0.00131503179176666,"iqtree","Rec_binary_v_bristle_binary","rjhp","dependent"
"q34",3.5316986852015,1.85545528534386,0.00131200501445506,0.00132322993083083,"iqtree","Rec_binary_v_bristle_binary","rjhp","dependent"
"q42",0.030491660929,0.153184558039154,0.00010831783976255,0.000120298568417651,"iqtree","Rec_binary_v_bristle_binary","rjhp","dependent"
"q43",2.0812412774545,0.866448434369381,0.000612671563491057,0.000627917615485006,"iqtree","Rec_binary_v_bristle_binary","rjhp","dependent"
"Root...P.0.0.",0.0050924249655,0.0326577471432161,0.0000230925144632437,0.0000256177803430512,"iqtree","Rec_binary_v_bristle_binary","rjhp","dependent"
"Root...P.0.1.",0.29897909133,0.209355726762654,0.000148036854074111,0.000151089314780296,"iqtree","Rec_binary_v_bristle_binary","rjhp","dependent"
"Root...P.1.0.",0.5620566680725,0.18874126291903,0.000133460226899759,0.000137071135344134,"iqtree","Rec_binary_v_bristle_binary","rjhp","dependent"
"Root...P.1.1.",0.133871815546,0.0630953973099088,0.000044615183299496,0.0000450019926987078,"iqtree","Rec_binary_v_bristle_binary","rjhp","dependent"
"RJRates...Shape",0.748531429409,0.200438153981355,0.000141731177888729,0.000142033124981608,"iqtree","Rec_binary_v_bristle_binary","rjhp","dependent"
"RJRates...Scale",0.8320799654645,0.138771299422939,0.0000981261268560289,0.0000982981281851305,"iqtree","Rec_binary_v_bristle_binary","rjhp","dependent"
"Lh",-62.659546044243,1.7720722821272,0.00125304432744486,0.00125417692717362,"exabayes","Rec_binary_v_bristle_binary","uniform","independent"
"alpha1",0.3658645150955,0.482189981961334,0.000340959806065078,0.000343153197300216,"exabayes","Rec_binary_v_bristle_binary","uniform","independent"
"beta1",1.17791642405,0.4535805927312,0.000320729912934845,0.000321452139008103,"exabayes","Rec_binary_v_bristle_binary","uniform","independent"
"alpha2",0.392910251716,0.687570525408074,0.000486185781060046,0.000489950819288492,"exabayes","Rec_binary_v_bristle_binary","uniform","independent"
"beta2",1.5230199343875,0.604979169886081,0.000427784873503056,0.000428010395783054,"exabayes","Rec_binary_v_bristle_binary","uniform","independent"
"Root...P.0.0.",0.1672015084405,0.124760798320989,0.0000882192065190182,0.0000881519107367283,"exabayes","Rec_binary_v_bristle_binary","uniform","independent"
"Root...P.0.1.",0.269473849611,0.161242417094445,0.000114015606542392,0.000114015610205074,"exabayes","Rec_binary_v_bristle_binary","uniform","independent"
"Root...P.1.0.",0.2156155165625,0.142806982876637,0.000100979785992861,0.000101051246859886,"exabayes","Rec_binary_v_bristle_binary","uniform","independent"
"Root...P.1.1.",0.347709125096,0.175775960370501,0.000124292373547559,0.000124497763803382,"exabayes","Rec_binary_v_bristle_binary","uniform","independent"
"Lh",-41.906828868303,2.03839645714827,0.00144136395759617,0.00143937321611892,"exabayes","Rec_binary_v_bristle_binary","uniform","dependent"
"q12",0.847311479886,1.27904880334633,0.000904424082314727,0.000904423728506538,"exabayes","Rec_binary_v_bristle_binary","uniform","dependent"
"q13",1.947771306159,3.4441891465094,0.00243540950118591,0.0024421732964435,"exabayes","Rec_binary_v_bristle_binary","uniform","dependent"
"q21",54.3239412815975,26.6267471246261,0.0188279534527625,0.0188098538919614,"exabayes","Rec_binary_v_bristle_binary","uniform","dependent"
"q24",45.9048330652095,28.465692525373,0.0201282842158625,0.0201414761966497,"exabayes","Rec_binary_v_bristle_binary","uniform","dependent"
"q31",36.8225407919855,25.7570793465505,0.0182130054695058,0.0182208976367753,"exabayes","Rec_binary_v_bristle_binary","uniform","dependent"
"q34",34.5885456007625,29.2067169173658,0.0206522675884652,0.0206483973983519,"exabayes","Rec_binary_v_bristle_binary","uniform","dependent"
"q42",0.942862820975,0.958975307005231,0.00067809794257385,0.000677562225378499,"exabayes","Rec_binary_v_bristle_binary","uniform","dependent"
"q43",2.758382682335,2.38203933247528,0.00168435616504635,0.00168435624149624,"exabayes","Rec_binary_v_bristle_binary","uniform","dependent"
"Root...P.0.0.",0.1822640282385,0.0768133254142746,0.0000543152232859226,0.0000542859533128731,"exabayes","Rec_binary_v_bristle_binary","uniform","dependent"
"Root...P.0.1.",0.3531870660635,0.0876395728924635,0.0000619705362925537,0.000061893943435695,"exabayes","Rec_binary_v_bristle_binary","uniform","dependent"
"Root...P.1.0.",0.3023698242985,0.0862443169293985,0.0000609839413395794,0.000060983981355059,"exabayes","Rec_binary_v_bristle_binary","uniform","dependent"
"Root...P.1.1.",0.162179081321,0.0655243792615396,0.0000463327329088739,0.0000463672451704207,"exabayes","Rec_binary_v_bristle_binary","uniform","dependent"
"Lh",-62.54834718132,1.68561123315275,0.00119190713340653,0.0011921681981436,"exabayes","Rec_binary_v_bristle_binary","exp","independent"
"alpha1",0.351610476397,0.32733127856278,0.000231458166766204,0.00023155536411251,"exabayes","Rec_binary_v_bristle_binary","exp","independent"
"beta1",1.1586700514325,0.406128871037951,0.000287176478746572,0.0002871762688564,"exabayes","Rec_binary_v_bristle_binary","exp","independent"
"alpha2",0.370278452117,0.359013248922997,0.000253860702849265,0.000253860668095048,"exabayes","Rec_binary_v_bristle_binary","exp","independent"
"beta2",1.493465201626,0.472964092535957,0.000334436117089917,0.000333851824997579,"exabayes","Rec_binary_v_bristle_binary","exp","independent"
"Root...P.0.0.",0.164911201268,0.124108527873632,0.0000877579816625247,0.0000876452621269526,"exabayes","Rec_binary_v_bristle_binary","exp","independent"
"Root...P.0.1.",0.2694123934125,0.161694493647507,0.000114335272938677,0.000114475957286188,"exabayes","Rec_binary_v_bristle_binary","exp","independent"
"Root...P.1.0.",0.214695037637,0.14285621989418,0.000101014601821851,0.000101014621479673,"exabayes","Rec_binary_v_bristle_binary","exp","independent"
"Root...P.1.1.",0.350981367746,0.176716134597095,0.00012495717711868,0.000124957236759905,"exabayes","Rec_binary_v_bristle_binary","exp","independent"
"Lh",-41.3393125172205,1.85742710305498,0.00131339930012986,0.00131295287683568,"exabayes","Rec_binary_v_bristle_binary","exp","dependent"
"q12",0.573157980278,0.761471442647572,0.000538441620776001,0.000538441918502581,"exabayes","Rec_binary_v_bristle_binary","exp","dependent"
"q13",0.8303387226555,1.12301450122096,0.00079409116918417,0.000794091220272857,"exabayes","Rec_binary_v_bristle_binary","exp","dependent"
"q21",18.881793393715,13.9575586632473,0.00986948437959121,0.00986947978606466,"exabayes","Rec_binary_v_bristle_binary","exp","dependent"
"q24",13.0373348651695,11.7922619175598,0.00833838836743441,0.00833383415622573,"exabayes","Rec_binary_v_bristle_binary","exp","dependent"
"q31",17.4719679666565,10.3171962342519,0.0072953594200718,0.00727629105996148,"exabayes","Rec_binary_v_bristle_binary","exp","dependent"
"q34",10.110188263276,9.42011472819228,0.00666102700386003,0.00663466394586255,"exabayes","Rec_binary_v_bristle_binary","exp","dependent"
"q42",0.5645851612105,0.583877864950278,0.000412863997691065,0.000412863973296571,"exabayes","Rec_binary_v_bristle_binary","exp","dependent"
"q43",1.689505280977,0.969812627044858,0.000685761085063759,0.000685761563239701,"exabayes","Rec_binary_v_bristle_binary","exp","dependent"
"Root...P.0.0.",0.1413481950835,0.0747726402298536,0.0000528722409537515,0.0000529008050579154,"exabayes","Rec_binary_v_bristle_binary","exp","dependent"
"Root...P.0.1.",0.3413571134055,0.10881748676392,0.0000769455828024452,0.0000768765032311731,"exabayes","Rec_binary_v_bristle_binary","exp","dependent"
"Root...P.1.0.",0.347851607097,0.112021536664797,0.0000792111882146156,0.0000793546604659823,"exabayes","Rec_binary_v_bristle_binary","exp","dependent"
"Root...P.1.1.",0.169443084192,0.0872774433618958,0.0000617144720458214,0.0000617300092369136,"exabayes","Rec_binary_v_bristle_binary","exp","dependent"
"Lh",-63.9655842008545,2.52325124927547,0.00178420806900012,0.00178722220251445,"exabayes","Rec_binary_v_bristle_binary","rjhp","independent"
"No.Off.Parmeters",1.395585,0.491897986128034,0.000347824401643139,0.000350497986234914,"exabayes","Rec_binary_v_bristle_binary","rjhp","independent"
"No.Off.Zero",0.0888465,0.284522125526591,0.000201187524357463,0.000205879675496579,"exabayes","Rec_binary_v_bristle_binary","rjhp","independent"
"alpha1",0.4805259197365,0.382445528835923,0.000270429826874356,0.000270987524583346,"exabayes","Rec_binary_v_bristle_binary","rjhp","independent"
"beta1",0.9090548673575,0.275333868302543,0.000194690445367052,0.000194631556500085,"exabayes","Rec_binary_v_bristle_binary","rjhp","independent"
"alpha2",0.517073012872,0.381877902566491,0.000270028454490062,0.000271698948471594,"exabayes","Rec_binary_v_bristle_binary","rjhp","independent"
"beta2",0.913030338255,0.275880447960608,0.000195076935549728,0.000195076938578322,"exabayes","Rec_binary_v_bristle_binary","rjhp","independent"
"Root...P.0.0.",0.3447570832755,0.266990692821398,0.000188790929407705,0.000189167192014637,"exabayes","Rec_binary_v_bristle_binary","rjhp","independent"
"Root...P.0.1.",0.1715604255465,0.11684871520223,0.0000826245188924323,0.0000843856954468367,"exabayes","Rec_binary_v_bristle_binary","rjhp","independent"
"Root...P.1.0.",0.200213737502,0.158098397671048,0.000111792449087925,0.000114305842456768,"exabayes","Rec_binary_v_bristle_binary","rjhp","independent"
"Root...P.1.1.",0.283468753416,0.306794674346809,0.000216936594662547,0.000216876961284606,"exabayes","Rec_binary_v_bristle_binary","rjhp","independent"
"RJRates...Shape",0.6632122095605,0.226306187335279,0.000160022639689249,0.000160124836971393,"exabayes","Rec_binary_v_bristle_binary","rjhp","independent"
"RJRates...Scale",0.6675245070845,0.2085830527246,0.000147490491022156,0.000147623076196643,"exabayes","Rec_binary_v_bristle_binary","rjhp","independent"
"Lh",-45.2453029065235,3.34842222131123,0.00236769205896489,0.00239749554696568,"exabayes","Rec_binary_v_bristle_binary","rjhp","dependent"
"No.Off.Parmeters",1.427809,0.504193997013842,0.000356518994322037,0.000380957887395876,"exabayes","Rec_binary_v_bristle_binary","rjhp","dependent"
"No.Off.Zero",3.2482325,0.616156892169849,0.000435688716728129,0.000505805265004013,"exabayes","Rec_binary_v_bristle_binary","rjhp","dependent"
"q12",0.0079559734875,0.0804960872934723,0.0000569193291841985,0.0000603325413635665,"exabayes","Rec_binary_v_bristle_binary","rjhp","dependent"
"q13",0.0142823569345,0.114351454762646,0.0000808586891012134,0.0000868670319529396,"exabayes","Rec_binary_v_bristle_binary","rjhp","dependent"
"q21",2.365673201967,2.20076750926811,0.00155617762961851,0.00160117998096635,"exabayes","Rec_binary_v_bristle_binary","rjhp","dependent"
"q24",3.3671703721355,1.84494803373856,0.00130457526559332,0.00133291395038513,"exabayes","Rec_binary_v_bristle_binary","rjhp","dependent"
"q31",3.704371168788,1.81503576068351,0.00128342409447539,0.00130432785701076,"exabayes","Rec_binary_v_bristle_binary","rjhp","dependent"
"q34",3.477873823498,1.83421650576012,0.00129698692938727,0.00131025491030589,"exabayes","Rec_binary_v_bristle_binary","rjhp","dependent"
"q42",0.030300339727,0.152594189823541,0.000107900386393893,0.00012046690252745,"exabayes","Rec_binary_v_bristle_binary","rjhp","dependent"
"q43",2.067522624737,0.855847412766028,0.000605175509227821,0.000621545993467412,"exabayes","Rec_binary_v_bristle_binary","rjhp","dependent"
"Root...P.0.0.",0.0052914551665,0.0338741167975619,0.0000239526176942612,0.0000266169403939098,"exabayes","Rec_binary_v_bristle_binary","rjhp","dependent"
"Root...P.0.1.",0.2995311459835,0.210426289339181,0.000148793856131657,0.000151180550025243,"exabayes","Rec_binary_v_bristle_binary","rjhp","dependent"
"Root...P.1.0.",0.562551241128,0.190258276890488,0.000134532917766132,0.000137697682904544,"exabayes","Rec_binary_v_bristle_binary","rjhp","dependent"
"Root...P.1.1.",0.1326261578345,0.0631525400508825,0.0000446555893191341,0.0000451270108688503,"exabayes","Rec_binary_v_bristle_binary","rjhp","dependent"
"RJRates...Shape",0.748137322745,0.200525243235571,0.000141792759290954,0.000141946748132606,"exabayes","Rec_binary_v_bristle_binary","rjhp","dependent"
"RJRates...Scale",0.8306916434975,0.139646256290428,0.0000987448147902762,0.0000990033543092505,"exabayes","Rec_binary_v_bristle_binary","rjhp","dependent"
"Lh",-76.6876859963625,1.68666331830761,0.00119265106995391,0.00119494581494234,"hybrid28S","Rec_binary_v_bristle_binary","uniform","independent"
"alpha1",0.336550003047,0.31891896350893,0.000225509761746149,0.000225509688233697,"hybrid28S","Rec_binary_v_bristle_binary","uniform","independent"
"beta1",0.838524780302,0.281321474946273,0.000198924322627911,0.000198753686857746,"hybrid28S","Rec_binary_v_bristle_binary","uniform","independent"
"alpha2",0.374795965485,0.34595931962745,0.000244630180923254,0.000244630302988019,"hybrid28S","Rec_binary_v_bristle_binary","uniform","independent"
"beta2",1.152810334427,0.339519803884508,0.000240076755673862,0.00024007657345112,"hybrid28S","Rec_binary_v_bristle_binary","uniform","independent"
"Root...P.0.0.",0.2210597891585,0.148734235455036,0.000105170986484852,0.000105145015418911,"hybrid28S","Rec_binary_v_bristle_binary","uniform","independent"
"Root...P.0.1.",0.278397753632,0.166196790556141,0.000117518877613688,0.000117518842711607,"hybrid28S","Rec_binary_v_bristle_binary","uniform","independent"
"Root...P.1.0.",0.2215118840785,0.148810673103239,0.000105225036064235,0.000105225028957635,"hybrid28S","Rec_binary_v_bristle_binary","uniform","independent"
"Root...P.1.1.",0.279030573357,0.166349556448715,0.000117626899412261,0.000117785488029089,"hybrid28S","Rec_binary_v_bristle_binary","uniform","independent"
"Lh",-53.6772150658285,2.25846710820675,0.00159697740729976,0.00159657557761952,"hybrid28S","Rec_binary_v_bristle_binary","uniform","dependent"
"q12",0.786745591888,1.19569445564868,0.000845483657816337,0.00084504542938135,"hybrid28S","Rec_binary_v_bristle_binary","uniform","dependent"
"q13",3.9357866445555,6.27929240253211,0.00444013023888362,0.00444346602485383,"hybrid28S","Rec_binary_v_bristle_binary","uniform","dependent"
"q21",54.1559122724065,26.5543795882077,0.0187767818770233,0.0188265530935246,"hybrid28S","Rec_binary_v_bristle_binary","uniform","dependent"
"q24",46.285669805343,28.2365886510626,0.0199662833127415,0.019972733084688,"hybrid28S","Rec_binary_v_bristle_binary","uniform","dependent"
"q31",34.014539314322,26.0419466145729,0.0184144370464626,0.0184137541031848,"hybrid28S","Rec_binary_v_bristle_binary","uniform","dependent"
"q34",18.460924510483,22.5528197041506,0.0159472517476825,0.0159580521088232,"hybrid28S","Rec_binary_v_bristle_binary","uniform","dependent"
"q42",0.6093617789525,0.630625786638282,0.00044591977012303,0.00044616905463609,"hybrid28S","Rec_binary_v_bristle_binary","uniform","dependent"
"q43",1.773098657134,1.67598432326133,0.00118509988014043,0.00118503250460582,"hybrid28S","Rec_binary_v_bristle_binary","uniform","dependent"
"Root...P.0.0.",0.181373584477,0.0776467310609999,0.0000549045300702012,0.000054812220639608,"hybrid28S","Rec_binary_v_bristle_binary","uniform","dependent"
"Root...P.0.1.",0.3934540139235,0.102931137731956,0.0000727833054855125,0.0000727351348792911,"hybrid28S","Rec_binary_v_bristle_binary","uniform","dependent"
"Root...P.1.0.",0.298204780524,0.0991985239069746,0.0000701439489383176,0.0000703776399330272,"hybrid28S","Rec_binary_v_bristle_binary","uniform","dependent"
"Root...P.1.1.",0.1269676209295,0.0603658308367876,0.0000426850883366525,0.0000427212180254622,"hybrid28S","Rec_binary_v_bristle_binary","uniform","dependent"
"Lh",-76.6047779223455,1.63275944784349,0.00115453527761653,0.00115453506573637,"hybrid28S","Rec_binary_v_bristle_binary","exp","independent"
"alpha1",0.3268035545085,0.291924191405871,0.000206421575335491,0.000206421361376138,"hybrid28S","Rec_binary_v_bristle_binary","exp","independent"
"beta1",0.830080612419,0.275549848439547,0.000194843166386529,0.000194719177380697,"hybrid28S","Rec_binary_v_bristle_binary","exp","independent"
"alpha2",0.3616042316545,0.327014676642846,0.000231234295401683,0.000231234337452694,"hybrid28S","Rec_binary_v_bristle_binary","exp","independent"
"beta2",1.13960100478,0.333844202077859,0.000236063499149066,0.000236063636361221,"hybrid28S","Rec_binary_v_bristle_binary","exp","independent"
"Root...P.0.0.",0.2177625643055,0.147921888016548,0.000104596570102418,0.000104381281123333,"hybrid28S","Rec_binary_v_bristle_binary","exp","independent"
"Root...P.0.1.",0.278576189419,0.166614719684587,0.000117814398134467,0.000117819795742587,"hybrid28S","Rec_binary_v_bristle_binary","exp","independent"
"Root...P.1.0.",0.2209820363355,0.148960961648606,0.000105331306113799,0.000105311396396534,"hybrid28S","Rec_binary_v_bristle_binary","exp","independent"
"Root...P.1.1.",0.28267920965,0.167517700583841,0.000118452902051611,0.000118170969868162,"hybrid28S","Rec_binary_v_bristle_binary","exp","independent"
"Lh",-52.426054077253,1.91518167738381,0.00135423795128232,0.00135423873520464,"hybrid28S","Rec_binary_v_bristle_binary","exp","dependent"
"q12",0.517374777204,0.697131296522347,0.000492946267148322,0.000492544857400192,"hybrid28S","Rec_binary_v_bristle_binary","exp","dependent"
"q13",0.860177200323,1.24908071742159,0.000883233445538162,0.0008832340338632,"hybrid28S","Rec_binary_v_bristle_binary","exp","dependent"
"q21",17.7802982775085,13.5417992393344,0.00957549807160018,0.00957548916796685,"hybrid28S","Rec_binary_v_bristle_binary","exp","dependent"
"q24",13.077188173084,11.8429270665801,0.00837421403787651,0.00836308285393782,"hybrid28S","Rec_binary_v_bristle_binary","exp","dependent"
"q31",14.635142881457,8.34376254931753,0.00589993107923278,0.00589944195667559,"hybrid28S","Rec_binary_v_bristle_binary","exp","dependent"
"q34",8.2101217480395,7.3039988017544,0.00516470708249896,0.00516469594896932,"hybrid28S","Rec_binary_v_bristle_binary","exp","dependent"
"q42",0.3293480380205,0.357871766715308,0.000253053553039605,0.000253125682559654,"hybrid28S","Rec_binary_v_bristle_binary","exp","dependent"
"q43",1.340774812607,0.664987153907127,0.000470216925929672,0.000469612871521081,"hybrid28S","Rec_binary_v_bristle_binary","exp","dependent"
"Root...P.0.0.",0.1377677206085,0.075194715740159,0.0000531706934092613,0.0000531524474518492,"hybrid28S","Rec_binary_v_bristle_binary","exp","dependent"
"Root...P.0.1.",0.3609419590345,0.119802292305681,0.0000847130132910397,0.000084713009319033,"hybrid28S","Rec_binary_v_bristle_binary","exp","dependent"
"Root...P.1.0.",0.3746304186215,0.119606985069034,0.0000845749102195923,0.0000846777448103355,"hybrid28S","Rec_binary_v_bristle_binary","exp","dependent"
"Root...P.1.1.",0.1266599024105,0.0722276714591516,0.0000510726762780802,0.0000510726758574072,"hybrid28S","Rec_binary_v_bristle_binary","exp","dependent"
"Lh",-78.312180522588,1.49314524740994,0.00105581312974003,0.00105808793192264,"hybrid28S","Rec_binary_v_bristle_binary","rjhp","independent"
"No.Off.Parmeters",1.1523095,0.361051771064682,0.00025530215567925,0.000255584438977845,"hybrid28S","Rec_binary_v_bristle_binary","rjhp","independent"
"No.Off.Zero",0.077403,0.267229884737667,0.000188960063633704,0.000189353572272037,"hybrid28S","Rec_binary_v_bristle_binary","rjhp","independent"
"alpha1",0.5478667108385,0.275419698926787,0.000194751136783489,0.000195340944803736,"hybrid28S","Rec_binary_v_bristle_binary","rjhp","independent"
"beta1",0.6915129674085,0.176067705167561,0.000124498668271936,0.000124430493406207,"hybrid28S","Rec_binary_v_bristle_binary","rjhp","independent"
"alpha2",0.579345047819,0.255919112524226,0.000180962139901123,0.000180899587675328,"hybrid28S","Rec_binary_v_bristle_binary","rjhp","independent"
"beta2",0.6953568049815,0.177692240581649,0.000125647388279515,0.000125647324910795,"hybrid28S","Rec_binary_v_bristle_binary","rjhp","independent"
"Root...P.0.0.",0.4856258654065,0.221874364906188,0.000156888867996624,0.000157211459871441,"hybrid28S","Rec_binary_v_bristle_binary","rjhp","independent"
"Root...P.0.1.",0.1748778151845,0.0973195429998011,0.0000688153087971351,0.0000689236546509581,"hybrid28S","Rec_binary_v_bristle_binary","rjhp","independent"
"Root...P.1.0.",0.205481739838,0.147276742444156,0.000104140383293327,0.00010424627543513,"hybrid28S","Rec_binary_v_bristle_binary","rjhp","independent"
"Root...P.1.1.",0.13401457975,0.200566260824608,0.00014182176310631,0.000142078460307515,"hybrid28S","Rec_binary_v_bristle_binary","rjhp","independent"
"RJRates...Shape",0.659428672655,0.230160406000348,0.000162747983843495,0.000162852111430664,"hybrid28S","Rec_binary_v_bristle_binary","rjhp","independent"
"RJRates...Scale",0.644381242552,0.21772999896232,0.000153958358733997,0.000153958406695448,"hybrid28S","Rec_binary_v_bristle_binary","rjhp","independent"
"Lh",-52.743566501969,3.4188521515798,0.00241749354025629,0.00245286450568857,"hybrid28S","Rec_binary_v_bristle_binary","rjhp","dependent"
"No.Off.Parmeters",1.895731,0.343285645726004,0.00024273960797686,0.000246204920317817,"hybrid28S","Rec_binary_v_bristle_binary","rjhp","dependent"
"No.Off.Zero",3.1750015,0.580307800547536,0.000410339580942613,0.000441113241448223,"hybrid28S","Rec_binary_v_bristle_binary","rjhp","dependent"
"q12",0.015788184039,0.113212169758329,0.0000800530929489572,0.0000840731139710299,"hybrid28S","Rec_binary_v_bristle_binary","rjhp","dependent"
"q13",0.0343735826475,0.173127997230415,0.000122419980854872,0.000130554237164053,"hybrid28S","Rec_binary_v_bristle_binary","rjhp","dependent"
"q21",2.9313644429685,2.52267152293912,0.00178379814057645,0.00186402897845992,"hybrid28S","Rec_binary_v_bristle_binary","rjhp","dependent"
"q24",4.113652888333,2.12556882391968,0.00150300412927232,0.00162427189385191,"hybrid28S","Rec_binary_v_bristle_binary","rjhp","dependent"
"q31",4.741755534375,1.76990889646361,0.00125151458277182,0.00125729567102014,"hybrid28S","Rec_binary_v_bristle_binary","rjhp","dependent"
"q34",4.4312268419215,1.96878298747498,0.00139213980112827,0.00141643581814831,"hybrid28S","Rec_binary_v_bristle_binary","rjhp","dependent"
"q42",0.0136448751665,0.0912471187178765,0.0000645214564091444,0.0000682305738333991,"hybrid28S","Rec_binary_v_bristle_binary","rjhp","dependent"
"q43",1.231047884792,0.482127732352544,0.000340915788944576,0.000344757344011746,"hybrid28S","Rec_binary_v_bristle_binary","rjhp","dependent"
"Root...P.0.0.",0.0114359197675,0.049749263852365,0.0000351780418290461,0.0000375518440793355,"hybrid28S","Rec_binary_v_bristle_binary","rjhp","dependent"
"Root...P.0.1.",0.304433484779,0.207315994918721,0.000146594545855464,0.000152815314774191,"hybrid28S","Rec_binary_v_bristle_binary","rjhp","dependent"
"Root...P.1.0.",0.5958337254495,0.20285151294559,0.000143437680377778,0.000150067254459937,"hybrid28S","Rec_binary_v_bristle_binary","rjhp","dependent"
"Root...P.1.1.",0.0882968696665,0.0581281680589284,0.0000411028218124195,0.0000421015644734839,"hybrid28S","Rec_binary_v_bristle_binary","rjhp","dependent"
"RJRates...Shape",0.7828798414165,0.176932210487555,0.000125109965846075,0.000125109878568455,"hybrid28S","Rec_binary_v_bristle_binary","rjhp","dependent"
"RJRates...Scale",0.860453531472,0.119422621256682,0.0000844445453176723,0.0000844980964385957,"hybrid28S","Rec_binary_v_bristle_binary","rjhp","dependent"
"Lh",-54.251387995295,1.70737500194365,0.00120729644190275,0.00120729698967191,"iqtree","Rec_binary_v_an_binary","uniform","independent"
"alpha1",0.3721476279485,0.475161219452033,0.000335989720431402,0.000336978937761894,"iqtree","Rec_binary_v_an_binary","uniform","independent"
"beta1",1.1408665984015,0.436145420836186,0.000308401384656728,0.00030855000963114,"iqtree","Rec_binary_v_an_binary","uniform","independent"
"alpha2",0.3413772082395,0.304209596523607,0.000215108668603866,0.000215370484646008,"iqtree","Rec_binary_v_an_binary","uniform","independent"
"beta2",0.8529989968865,0.342913099263061,0.000242476177846606,0.000242307385561566,"iqtree","Rec_binary_v_an_binary","uniform","independent"
"Root...P.0.0.",0.2240853491405,0.153589411430676,0.000108604114341082,0.000108845178295109,"iqtree","Rec_binary_v_an_binary","uniform","independent"
"Root...P.0.1.",0.221228840702,0.152620775763488,0.000107919185492314,0.000107901615569155,"iqtree","Rec_binary_v_an_binary","uniform","independent"
"Root...P.1.0.",0.279135394533,0.170497087567774,0.00012055964679173,0.000120616316366312,"iqtree","Rec_binary_v_an_binary","uniform","independent"
"Root...P.1.1.",0.2755504153255,0.169589721675789,0.00011991804221649,0.000119917996027361,"iqtree","Rec_binary_v_an_binary","uniform","independent"
"Lh",-33.117648494145,1.98107159040186,0.00140082915558917,0.00140152192622954,"iqtree","Rec_binary_v_an_binary","uniform","dependent"
"q12",0.6331433586005,1.17577041328213,0.000831395232350305,0.000831708741761932,"iqtree","Rec_binary_v_an_binary","uniform","dependent"
"q13",0.8122732526555,1.31410422522503,0.000929212008842513,0.000930049297353343,"iqtree","Rec_binary_v_an_binary","uniform","dependent"
"q21",33.320817733441,24.7176457808608,0.0174780149466137,0.0175125769707335,"iqtree","Rec_binary_v_an_binary","uniform","dependent"
"q24",51.0512058307535,27.8305919422354,0.0196792002867904,0.0196897581322646,"iqtree","Rec_binary_v_an_binary","uniform","dependent"
"q31",53.0725441119765,26.8668162629329,0.0189977079684129,0.0189818401371443,"iqtree","Rec_binary_v_an_binary","uniform","dependent"
"q34",44.1944754523275,28.6072729219178,0.0202283966743424,0.0202408138917957,"iqtree","Rec_binary_v_an_binary","uniform","dependent"
"q42",2.472703016427,1.92509904872453,0.00136125059180888,0.00136372177610355,"iqtree","Rec_binary_v_an_binary","uniform","dependent"
"q43",0.7115156983575,0.748134205601061,0.000529010770018121,0.000528466491151253,"iqtree","Rec_binary_v_an_binary","uniform","dependent"
"Root...P.0.0.",0.1722212149155,0.0833695774843467,0.0000589511935838388,0.0000590385236884708,"iqtree","Rec_binary_v_an_binary","uniform","dependent"
"Root...P.0.1.",0.3372200603915,0.0999121991634508,0.0000706485935517369,0.0000707152488579255,"iqtree","Rec_binary_v_an_binary","uniform","dependent"
"Root...P.1.0.",0.3712780526695,0.0983002643920084,0.0000695087835440196,0.0000695087898528988,"iqtree","Rec_binary_v_an_binary","uniform","dependent"
"Root...P.1.1.",0.119280672891,0.0504257802740148,0.0000356564111783787,0.0000356150941641957,"iqtree","Rec_binary_v_an_binary","uniform","dependent"
"Lh",-54.161299700841,1.64487360235845,0.00116310127842241,0.00116038117017823,"iqtree","Rec_binary_v_an_binary","exp","independent"
"alpha1",0.3578451713935,0.331131498765615,0.000234145328241632,0.00023414543554652,"iqtree","Rec_binary_v_an_binary","exp","independent"
"beta1",1.122607279115,0.393624056212183,0.000278334239385789,0.000278619236517672,"iqtree","Rec_binary_v_an_binary","exp","independent"
"alpha2",0.331964399074,0.29558737297318,0.000209011835862453,0.00020901185847676,"iqtree","Rec_binary_v_an_binary","exp","independent"
"beta2",0.8413057125515,0.337542908824643,0.000238678879771337,0.000238678931363301,"iqtree","Rec_binary_v_an_binary","exp","independent"
"Root...P.0.0.",0.221702832487,0.153041576720148,0.000108216736702298,0.000108216692524123,"iqtree","Rec_binary_v_an_binary","exp","independent"
"Root...P.0.1.",0.220882202944,0.152816574778465,0.000108057636303554,0.000108173459419948,"iqtree","Rec_binary_v_an_binary","exp","independent"
"Root...P.1.0.",0.279270129524,0.170925173885773,0.00012086234953012,0.000120862397582455,"iqtree","Rec_binary_v_an_binary","exp","independent"
"Root...P.1.1.",0.2781448354665,0.170604775643886,0.000120635793760601,0.000120467577251483,"iqtree","Rec_binary_v_an_binary","exp","independent"
"Lh",-33.602532596726,1.91134482993438,0.00135152489043245,0.00135152472986022,"iqtree","Rec_binary_v_an_binary","exp","dependent"
"q12",0.5196115816555,0.704564000783365,0.000498201982733841,0.000498202210483948,"iqtree","Rec_binary_v_an_binary","exp","dependent"
"q13",0.5661878623135,0.764213913425406,0.000540380840460213,0.000539382515292586,"iqtree","Rec_binary_v_an_binary","exp","dependent"
"q21",16.372470557147,11.0539347706746,0.00781631223513781,0.00781630589764503,"iqtree","Rec_binary_v_an_binary","exp","dependent"
"q24",15.9896373506445,12.5104476910422,0.00884622239801555,0.00884874801426119,"iqtree","Rec_binary_v_an_binary","exp","dependent"
"q31",18.3825659326255,13.46040277463,0.00951794207944311,0.00952282460995489,"iqtree","Rec_binary_v_an_binary","exp","dependent"
"q34",12.3511250604435,11.3247792407827,0.00800782819659805,0.00800782508734874,"iqtree","Rec_binary_v_an_binary","exp","dependent"
"q42",1.484840901546,0.961672635141556,0.000680005241590131,0.000681340598239836,"iqtree","Rec_binary_v_an_binary","exp","dependent"
"q43",0.4835462879075,0.48780365245298,0.000344929270537068,0.000344929254050857,"iqtree","Rec_binary_v_an_binary","exp","dependent"
"Root...P.0.0.",0.144387440931,0.0806306667981445,0.000057014491264561,0.0000569814323366999,"iqtree","Rec_binary_v_an_binary","exp","dependent"
"Root...P.0.1.",0.3822673339665,0.119769521815758,0.0000846898410553926,0.0000845564100449806,"iqtree","Rec_binary_v_an_binary","exp","dependent"
"Root...P.1.0.",0.35255322557,0.117486454907478,0.0000830754689626453,0.0000830206863832584,"iqtree","Rec_binary_v_an_binary","exp","dependent"
"Root...P.1.1.",0.120791998682,0.0673985487406718,0.0000476579708566611,0.0000475958307082942,"iqtree","Rec_binary_v_an_binary","exp","dependent"
"Lh",-55.5103980561195,1.16119603971886,0.000821089593972169,0.000820994578869743,"iqtree","Rec_binary_v_an_binary","rjhp","independent"
"No.Off.Parmeters",1.0998395,0.301127248150279,0.000212929119167107,0.000213053912936284,"iqtree","Rec_binary_v_an_binary","rjhp","independent"
"No.Off.Zero",0.0590495,0.235717382326996,0.000166677359486961,0.000166677290091453,"iqtree","Rec_binary_v_an_binary","rjhp","independent"
"alpha1",0.504664455248,0.227473600778496,0.000160848125651396,0.000160848167741551,"iqtree","Rec_binary_v_an_binary","rjhp","independent"
"beta1",0.5930270950715,0.182780247901026,0.000129245152757774,0.000129328910278439,"iqtree","Rec_binary_v_an_binary","rjhp","independent"
"alpha2",0.5231911953415,0.215565231747179,0.00015242763715648,0.00015228107356486,"iqtree","Rec_binary_v_an_binary","rjhp","independent"
"beta2",0.5911026919575,0.181847019416814,0.000128585260568191,0.000128643723155485,"iqtree","Rec_binary_v_an_binary","rjhp","independent"
"Root...P.0.0.",0.5262945268345,0.19233271852265,0.000135999769511409,0.000136281515655378,"iqtree","Rec_binary_v_an_binary","rjhp","independent"
"Root...P.0.1.",0.175068176717,0.0898005584584851,0.0000634985838403338,0.0000635451781510132,"iqtree","Rec_binary_v_an_binary","rjhp","independent"
"Root...P.1.0.",0.1963966555665,0.127960888254939,0.0000904820118117217,0.0000904820142576911,"iqtree","Rec_binary_v_an_binary","rjhp","independent"
"Root...P.1.1.",0.1022406396335,0.162166716047265,0.000114669184599774,0.000114894316154433,"iqtree","Rec_binary_v_an_binary","rjhp","independent"
"RJRates...Shape",0.6529571847675,0.232527805383978,0.000164421988001437,0.000164421811787221,"iqtree","Rec_binary_v_an_binary","rjhp","independent"
"RJRates...Scale",0.627511372585,0.224626629881111,0.000158835013224015,0.0001588350712856,"iqtree","Rec_binary_v_an_binary","rjhp","independent"
"Lh",-36.4981439981725,3.70310648434908,0.00261849170653911,0.00265934245219885,"iqtree","Rec_binary_v_an_binary","rjhp","dependent"
"No.Off.Parmeters",1.782028,0.435497763536337,0.000307943421788119,0.000315509648608537,"iqtree","Rec_binary_v_an_binary","rjhp","dependent"
"No.Off.Zero",3.0239115,0.741459381927808,0.000524290956935539,0.000592490866237824,"iqtree","Rec_binary_v_an_binary","rjhp","dependent"
"q12",0.037915099859,0.160947444723573,0.000113807029578685,0.000120538552541406,"iqtree","Rec_binary_v_an_binary","rjhp","dependent"
"q13",0.027201613134,0.1327204422749,0.0000938475247346595,0.0000987092690065764,"iqtree","Rec_binary_v_an_binary","rjhp","dependent"
"q21",4.270446011641,2.04401547784087,0.00144533720523154,0.0014684667478867,"iqtree","Rec_binary_v_an_binary","rjhp","dependent"
"q24",4.057097998348,2.15605585311948,0.00152456171435773,0.00155302224081537,"iqtree","Rec_binary_v_an_binary","rjhp","dependent"
"q31",2.9039915706325,2.52059783378453,0.00178233182091316,0.00188035388576736,"iqtree","Rec_binary_v_an_binary","rjhp","dependent"
"q34",3.731129000043,2.24821795602511,0.00158973016229071,0.00163832180797942,"iqtree","Rec_binary_v_an_binary","rjhp","dependent"
"q42",1.16238596111,0.629051296020388,0.000444806437130203,0.000463545075511143,"iqtree","Rec_binary_v_an_binary","rjhp","dependent"
"q43",0.070669687838,0.195299924425552,0.000138097900926528,0.000156802969946805,"iqtree","Rec_binary_v_an_binary","rjhp","dependent"
"Root...P.0.0.",0.017555999439,0.0589862941453697,0.0000417096085872553,0.000044672386837477,"iqtree","Rec_binary_v_an_binary","rjhp","dependent"
"Root...P.0.1.",0.577163736335,0.210393229677529,0.000148770479420719,0.000160337476674829,"iqtree","Rec_binary_v_an_binary","rjhp","dependent"
"Root...P.1.0.",0.3176998530185,0.218368851274162,0.000154410095535876,0.000164388948591631,"iqtree","Rec_binary_v_an_binary","rjhp","dependent"
"Root...P.1.1.",0.0875804109395,0.0582007210173227,0.0000411541245012953,0.000042157928854547,"iqtree","Rec_binary_v_an_binary","rjhp","dependent"
"RJRates...Shape",0.765984475136,0.187648815569414,0.000132687749970757,0.000132758519924685,"iqtree","Rec_binary_v_an_binary","rjhp","dependent"
"RJRates...Scale",0.842714414121,0.13442397154631,0.0000950521018344232,0.0000951088924766339,"iqtree","Rec_binary_v_an_binary","rjhp","dependent"
"Lh",-53.958397480166,1.70605445316067,0.00120636267290342,0.00120564684996468,"exabayes","Rec_binary_v_an_binary","uniform","independent"
"alpha1",0.365326824936,0.474226875900238,0.000335329039769969,0.000337516246496969,"exabayes","Rec_binary_v_an_binary","uniform","independent"
"beta1",1.134976730294,0.434155641869862,0.000306994398456578,0.000307608149604679,"exabayes","Rec_binary_v_an_binary","uniform","independent"
"alpha2",0.3347328770865,0.305267757080036,0.000215856901108901,0.000215856965811938,"exabayes","Rec_binary_v_an_binary","uniform","independent"
"beta2",0.8496228964365,0.341181248015642,0.00024125157408555,0.000241280802807704,"exabayes","Rec_binary_v_an_binary","uniform","independent"
"Root...P.0.0.",0.223923617293,0.15340915357413,0.000108476652788356,0.000108310333574533,"exabayes","Rec_binary_v_an_binary","uniform","independent"
"Root...P.0.1.",0.2215144809545,0.152819147871494,0.000108059455755083,0.000108241637907723,"exabayes","Rec_binary_v_an_binary","uniform","independent"
"Root...P.1.0.",0.278967837128,0.170471971712252,0.000120541887199974,0.000120541937298936,"exabayes","Rec_binary_v_an_binary","uniform","independent"
"Root...P.1.1.",0.2755940642065,0.169449771928251,0.00011981908280098,0.00011952316963978,"exabayes","Rec_binary_v_an_binary","uniform","independent"
"Lh",-33.0003526742735,1.97845281334884,0.00139897740057657,0.00139874881662615,"exabayes","Rec_binary_v_an_binary","uniform","dependent"
"q12",0.6324281623055,1.19781874080716,0.000846985754257076,0.000846985779046362,"exabayes","Rec_binary_v_an_binary","uniform","dependent"
"q13",0.802391843327,1.2951869866087,0.000915835501135581,0.000915834830794194,"exabayes","Rec_binary_v_an_binary","uniform","dependent"
"q21",33.3054260713985,24.7027774242042,0.0174675014307967,0.0174470368456344,"exabayes","Rec_binary_v_an_binary","uniform","dependent"
"q24",50.6868294111235,27.9090514496374,0.0197346795365229,0.0197187803725345,"exabayes","Rec_binary_v_an_binary","uniform","dependent"
"q31",53.1025649462085,26.8702322580496,0.0190001234417244,0.0190001308209211,"exabayes","Rec_binary_v_an_binary","uniform","dependent"
"q34",44.085974311773,28.6042161536101,0.0202262352127435,0.0202466700264028,"exabayes","Rec_binary_v_an_binary","uniform","dependent"
"q42",2.4500316961355,1.91166100199269,0.0013517484578389,0.00135101096411609,"exabayes","Rec_binary_v_an_binary","uniform","dependent"
"q43",0.707944282986,0.743261043182281,0.000525564923825979,0.000525565149638278,"exabayes","Rec_binary_v_an_binary","uniform","dependent"
"Root...P.0.0.",0.171902710952,0.082855879905782,0.0000585879545425566,0.0000584153994056559,"exabayes","Rec_binary_v_an_binary","uniform","dependent"
"Root...P.0.1.",0.337384704424,0.0998666527166847,0.0000706163873503697,0.0000706162630747969,"exabayes","Rec_binary_v_an_binary","uniform","dependent"
"Root...P.1.0.",0.3715238589875,0.0981999917354009,0.0000694378800685649,0.0000694729122398842,"exabayes","Rec_binary_v_an_binary","uniform","dependent"
"Root...P.1.1.",0.1191887248495,0.0506232250433471,0.0000357960257136834,0.0000358349370064311,"exabayes","Rec_binary_v_an_binary","uniform","dependent"
"Lh",-53.8678187947155,1.64195310525246,0.00116103617511432,0.00116103541244795,"exabayes","Rec_binary_v_an_binary","exp","independent"
"alpha1",0.3512724377315,0.324756170795024,0.000229637290601338,0.000229756836435571,"exabayes","Rec_binary_v_an_binary","exp","independent"
"beta1",1.116996698451,0.391262947600248,0.000276664683475172,0.000276784292223202,"exabayes","Rec_binary_v_an_binary","exp","independent"
"alpha2",0.3249974302235,0.289446850162637,0.000204669830543087,0.000204803322919857,"exabayes","Rec_binary_v_an_binary","exp","independent"
"beta2",0.836949144369,0.335881008636961,0.000237503738878972,0.000237482022622714,"exabayes","Rec_binary_v_an_binary","exp","independent"
"Root...P.0.0.",0.221759428214,0.153063820688225,0.000108232465562966,0.000108245949206751,"exabayes","Rec_binary_v_an_binary","exp","independent"
"Root...P.0.1.",0.2211736565275,0.152847279381,0.00010807934773622,0.000107983500360399,"exabayes","Rec_binary_v_an_binary","exp","independent"
"Root...P.1.0.",0.278899903652,0.170679389775175,0.000120688553918808,0.000120849546620474,"exabayes","Rec_binary_v_an_binary","exp","independent"
"Root...P.1.1.",0.2781670119295,0.170490186358851,0.000120554766900102,0.000120554773492575,"exabayes","Rec_binary_v_an_binary","exp","independent"
"Lh",-33.459076207862,1.90715048035019,0.0013485590373988,0.00134754011412936,"exabayes","Rec_binary_v_an_binary","exp","dependent"
"q12",0.517780457435,0.704121840342994,0.000497889328088083,0.000497889505880497,"exabayes","Rec_binary_v_an_binary","exp","dependent"
"q13",0.561781787961,0.759059631196989,0.000536736212544351,0.000536661340690125,"exabayes","Rec_binary_v_an_binary","exp","dependent"
"q21",16.326862642556,11.0116751783924,0.00778643019086484,0.00779468215344552,"exabayes","Rec_binary_v_an_binary","exp","dependent"
"q24",15.7405308217855,12.4377921281938,0.00879484715683453,0.00878528076142029,"exabayes","Rec_binary_v_an_binary","exp","dependent"
"q31",18.385210179975,13.4389217731148,0.00950275271760504,0.00950498425922388,"exabayes","Rec_binary_v_an_binary","exp","dependent"
"q34",12.290231625291,11.2816736639794,0.00797734795093349,0.00797732386473325,"exabayes","Rec_binary_v_an_binary","exp","dependent"
"q42",1.4667086785875,0.950640825124785,0.000672204573918511,0.000673057119202862,"exabayes","Rec_binary_v_an_binary","exp","dependent"
"q43",0.48138581816,0.484725141005465,0.00034275243421657,0.000342310205965123,"exabayes","Rec_binary_v_an_binary","exp","dependent"
"Root...P.0.0.",0.1449880550785,0.0804106864346597,0.000056858941657813,0.0000567812007740836,"exabayes","Rec_binary_v_an_binary","exp","dependent"
"Root...P.0.1.",0.3813668490095,0.1196612071148,0.0000846132509958433,0.0000846132963002719,"exabayes","Rec_binary_v_an_binary","exp","dependent"
"Root...P.1.0.",0.352973616263,0.11730290372087,0.0000829456786738999,0.0000828219079550033,"exabayes","Rec_binary_v_an_binary","exp","dependent"
"Root...P.1.1.",0.1206714787315,0.0676263390167577,0.0000478190429055698,0.0000478584552899007,"exabayes","Rec_binary_v_an_binary","exp","dependent"
"Lh",-55.2519499088065,1.18238417399217,0.000836071867397518,0.000836350714761201,"exabayes","Rec_binary_v_an_binary","rjhp","independent"
"No.Off.Parmeters",1.103395,0.305868469693693,0.000216281669071563,0.000216469650962562,"exabayes","Rec_binary_v_an_binary","rjhp","independent"
"No.Off.Zero",0.0591235,0.235855760077467,0.000166775207332684,0.000166775231190047,"exabayes","Rec_binary_v_an_binary","rjhp","independent"
"alpha1",0.4988458661205,0.226334068732579,0.000160042354814349,0.000160042454883032,"exabayes","Rec_binary_v_an_binary","rjhp","independent"
"beta1",0.5892905992205,0.182465546685778,0.000129022625394424,0.000129091173579819,"exabayes","Rec_binary_v_an_binary","rjhp","independent"
"alpha2",0.516888851358,0.215013672086663,0.0001520376255803,0.000152072080984818,"exabayes","Rec_binary_v_an_binary","rjhp","independent"
"beta2",0.587374923587,0.181460503846597,0.000128311952787456,0.000128385961595495,"exabayes","Rec_binary_v_an_binary","rjhp","independent"
"Root...P.0.0.",0.52756371489,0.195030255836549,0.000137907216438571,0.00013801074594604,"exabayes","Rec_binary_v_an_binary","rjhp","independent"
"Root...P.0.1.",0.1745999481845,0.0907016308723269,0.0000641357382545015,0.0000641357671771765,"exabayes","Rec_binary_v_an_binary","rjhp","independent"
"Root...P.1.0.",0.1948966372215,0.128289297716595,0.0000907142323690644,0.0000907142805074863,"exabayes","Rec_binary_v_an_binary","rjhp","independent"
"Root...P.1.1.",0.1029397000715,0.164938671443104,0.000116629253057319,0.000116629317080668,"exabayes","Rec_binary_v_an_binary","rjhp","independent"
"RJRates...Shape",0.652456979231,0.232767704519671,0.000164591622307086,0.000164591676676375,"exabayes","Rec_binary_v_an_binary","rjhp","independent"
"RJRates...Scale",0.6267265275215,0.224872829649756,0.00015900910274995,0.00015934612821862,"exabayes","Rec_binary_v_an_binary","rjhp","independent"
"Lh",-36.3407220634725,3.68691980526449,0.0026070459959935,0.00264657105557711,"exabayes","Rec_binary_v_an_binary","rjhp","dependent"
"No.Off.Parmeters",1.7792255,0.437193567792182,0.000309142536476993,0.000317081177792456,"exabayes","Rec_binary_v_an_binary","rjhp","dependent"
"No.Off.Zero",3.026449,0.740732559525611,0.000523777015886228,0.000591351893766559,"exabayes","Rec_binary_v_an_binary","rjhp","dependent"
"q12",0.037606272463,0.15983029657868,0.000113017086549842,0.000119671785040799,"exabayes","Rec_binary_v_an_binary","rjhp","dependent"
"q13",0.0266340728125,0.130701696591394,0.0000924200559723615,0.0000969241897263841,"exabayes","Rec_binary_v_an_binary","rjhp","dependent"
"q21",4.221310741611,2.03008693652938,0.00143548823921815,0.00146243280564041,"exabayes","Rec_binary_v_an_binary","rjhp","dependent"
"q24",3.998903148178,2.14338027383453,0.00151559872628988,0.00154825854566392,"exabayes","Rec_binary_v_an_binary","rjhp","dependent"
"q31",2.873755661677,2.49766514974551,0.00176611596451836,0.00185886680876265,"exabayes","Rec_binary_v_an_binary","rjhp","dependent"
"q34",3.6889587298745,2.2292197207252,0.00157629638127957,0.00162726735764866,"exabayes","Rec_binary_v_an_binary","rjhp","dependent"
"q42",1.1570678954625,0.624356121707788,0.00044148644753491,0.000460994150641489,"exabayes","Rec_binary_v_an_binary","rjhp","dependent"
"q43",0.0701004674795,0.19380252600685,0.000137039080350526,0.000155828375227527,"exabayes","Rec_binary_v_an_binary","rjhp","dependent"
"Root...P.0.0.",0.0179746233065,0.0603997782840009,0.000042709092806781,0.0000457695046762279,"exabayes","Rec_binary_v_an_binary","rjhp","dependent"
"Root...P.0.1.",0.577516844238,0.21163283906379,0.000149647015623767,0.000160812376394996,"exabayes","Rec_binary_v_an_binary","rjhp","dependent"
"Root...P.1.0.",0.317363680304,0.218868407959765,0.000154763335455853,0.000164225714177952,"exabayes","Rec_binary_v_an_binary","rjhp","dependent"
"Root...P.1.1.",0.0871448515055,0.0586016365715883,0.0000414376146083997,0.0000423356403380053,"exabayes","Rec_binary_v_an_binary","rjhp","dependent"
"RJRates...Shape",0.765527687893,0.18803047128276,0.000132957621313742,0.000132898386854377,"exabayes","Rec_binary_v_an_binary","rjhp","dependent"
"RJRates...Scale",0.841333179344,0.135387903999217,0.0000957337050084794,0.0000960012278161542,"exabayes","Rec_binary_v_an_binary","rjhp","dependent"
"Lh",-68.85437715382,1.66373331143135,0.00117643710659906,0.00117553183655295,"hybrid28S","Rec_binary_v_an_binary","uniform","independent"
"alpha1",0.3427006665615,0.317121136537255,0.000224238506103078,0.000224488021472654,"hybrid28S","Rec_binary_v_an_binary","uniform","independent"
"beta1",0.837156970179,0.280259716977414,0.000198173546368152,0.000198130799650628,"hybrid28S","Rec_binary_v_an_binary","uniform","independent"
"alpha2",0.3490307146655,0.302975218514095,0.000214235831542793,0.000214235603641858,"hybrid28S","Rec_binary_v_an_binary","uniform","independent"
"beta2",0.838225984426,0.282480140219629,0.000199743622699827,0.000199955058464152,"hybrid28S","Rec_binary_v_an_binary","uniform","independent"
"Root...P.0.0.",0.256697381162,0.164005321408954,0.00011596927491895,0.000115969340497122,"hybrid28S","Rec_binary_v_an_binary","uniform","independent"
"Root...P.0.1.",0.2464874210105,0.161118633534655,0.000113928078347865,0.000113927892557518,"hybrid28S","Rec_binary_v_an_binary","uniform","independent"
"Root...P.1.0.",0.253576982215,0.163164256091642,0.000115374551929658,0.000115351396612812,"hybrid28S","Rec_binary_v_an_binary","uniform","independent"
"Root...P.1.1.",0.243238215871,0.159856798386425,0.000113035826157812,0.000113120618863264,"hybrid28S","Rec_binary_v_an_binary","uniform","independent"
"Lh",-51.2725900365645,2.15897627957969,0.0015266267677117,0.00152564505092357,"hybrid28S","Rec_binary_v_an_binary","uniform","dependent"
"q12",0.6145106201395,1.17368956554827,0.000829923850807072,0.000830124719963117,"hybrid28S","Rec_binary_v_an_binary","uniform","dependent"
"q13",2.8992804223315,4.82680703320943,0.00341306798466131,0.00341718760487665,"hybrid28S","Rec_binary_v_an_binary","uniform","dependent"
"q21",30.1918302640745,24.8314197322525,0.0175584652791652,0.017558453728143,"hybrid28S","Rec_binary_v_an_binary","uniform","dependent"
"q24",51.569106755119,27.5327885446864,0.0194686214849231,0.0194602606383427,"hybrid28S","Rec_binary_v_an_binary","uniform","dependent"
"q31",36.901975562368,27.1409692586031,0.0191915634107339,0.0191877109430336,"hybrid28S","Rec_binary_v_an_binary","uniform","dependent"
"q34",24.167142929771,25.6079334949136,0.0181075434264275,0.0181341018293815,"hybrid28S","Rec_binary_v_an_binary","uniform","dependent"
"q42",1.7324666216215,1.39356972011188,0.000985402599147352,0.000986195377481252,"hybrid28S","Rec_binary_v_an_binary","uniform","dependent"
"q43",1.1875047990595,1.2256375452412,0.000866656619516888,0.000869438274310802,"hybrid28S","Rec_binary_v_an_binary","uniform","dependent"
"Root...P.0.0.",0.2004466145865,0.0898039054480497,0.0000635009505193515,0.000063476850362651,"hybrid28S","Rec_binary_v_an_binary","uniform","dependent"
"Root...P.0.1.",0.357010217959,0.12640947414814,0.0000893849963763753,0.0000893753422918184,"hybrid28S","Rec_binary_v_an_binary","uniform","dependent"
"Root...P.1.0.",0.332309610036,0.117300744698889,0.0000829441520148161,0.0000828953941002032,"hybrid28S","Rec_binary_v_an_binary","uniform","dependent"
"Root...P.1.1.",0.110233557233,0.0496042552615487,0.0000350755052711496,0.0000350755184036752,"hybrid28S","Rec_binary_v_an_binary","uniform","dependent"
"Lh",-68.7757672858265,1.61136880017216,0.00113940980559417,0.00113940997893009,"hybrid28S","Rec_binary_v_an_binary","exp","independent"
"alpha1",0.3323151993785,0.296893889171562,0.000209935682326059,0.00020993313325731,"hybrid28S","Rec_binary_v_an_binary","exp","independent"
"beta1",0.828413500879,0.275201004080625,0.000194596496174757,0.000194596495419843,"hybrid28S","Rec_binary_v_an_binary","exp","independent"
"alpha2",0.339142383308,0.294477109219795,0.000208226760833529,0.000208460272570398,"hybrid28S","Rec_binary_v_an_binary","exp","independent"
"beta2",0.8296887048555,0.279169439230997,0.000197402603580284,0.000197537627933404,"hybrid28S","Rec_binary_v_an_binary","exp","independent"
"Root...P.0.0.",0.2534154262585,0.163353829430212,0.000115508600522893,0.000115473998860483,"hybrid28S","Rec_binary_v_an_binary","exp","independent"
"Root...P.0.1.",0.2464334287305,0.161187564048578,0.00011397681958169,0.000114047610900354,"hybrid28S","Rec_binary_v_an_binary","exp","independent"
"Root...P.1.0.",0.253513645149,0.163255479982278,0.000115439056961333,0.000115373986071466,"hybrid28S","Rec_binary_v_an_binary","exp","independent"
"Root...P.1.1.",0.2466375004135,0.161258581469777,0.000114027036481803,0.000114001232935807,"hybrid28S","Rec_binary_v_an_binary","exp","independent"
"Lh",-49.8270792876745,1.86847861485102,0.0013212138990632,0.00132121440461906,"hybrid28S","Rec_binary_v_an_binary","exp","dependent"
"q12",0.4331413873775,0.605622765397691,0.000428239964253657,0.000429392144668106,"hybrid28S","Rec_binary_v_an_binary","exp","dependent"
"q13",0.7389133073695,1.10892831062125,0.00078413072829003,0.000785247500658685,"hybrid28S","Rec_binary_v_an_binary","exp","dependent"
"q21",12.6122170127655,10.2807763412005,0.00726960666672509,0.00725644594481552,"hybrid28S","Rec_binary_v_an_binary","exp","dependent"
"q24",16.9605451076145,12.9126989044249,0.00913065695873895,0.00913736765540868,"hybrid28S","Rec_binary_v_an_binary","exp","dependent"
"q31",13.9704299668715,9.3964189205998,0.0066442715376257,0.00664427457773852,"hybrid28S","Rec_binary_v_an_binary","exp","dependent"
"q34",9.1721006790625,8.32644214078917,0.00588768370090946,0.00589729890856652,"hybrid28S","Rec_binary_v_an_binary","exp","dependent"
"q42",0.938190005224,0.696383385821091,0.000492417414419741,0.000492416914486239,"hybrid28S","Rec_binary_v_an_binary","exp","dependent"
"q43",0.8582249257355,0.541782679461396,0.000383098206576571,0.000383098457204101,"hybrid28S","Rec_binary_v_an_binary","exp","dependent"
"Root...P.0.0.",0.153784968159,0.0852604272765447,0.0000602882262941072,0.0000603136489931572,"hybrid28S","Rec_binary_v_an_binary","exp","dependent"
"Root...P.0.1.",0.366751916085,0.130928056670521,0.000092580116719302,0.0000926466786845539,"hybrid28S","Rec_binary_v_an_binary","exp","dependent"
"Root...P.1.0.",0.3787502006885,0.123682936764236,0.0000874570433030585,0.000087457082868114,"hybrid28S","Rec_binary_v_an_binary","exp","dependent"
"Root...P.1.1.",0.1007129157385,0.0561941894511941,0.0000397352924242209,0.0000397353168442993,"hybrid28S","Rec_binary_v_an_binary","exp","dependent"
"Lh",-69.7292011621435,0.983242130207262,0.000695257177817861,0.000694563993310384,"hybrid28S","Rec_binary_v_an_binary","rjhp","independent"
"No.Off.Parmeters",1.068618,0.253833808409758,0.000179487607220947,0.000179475339487782,"hybrid28S","Rec_binary_v_an_binary","rjhp","independent"
"No.Off.Zero",0.0550175,0.228014474735818,0.000161230581294386,0.000161122442344078,"hybrid28S","Rec_binary_v_an_binary","rjhp","independent"
"alpha1",0.503474866358,0.198921783272065,0.000140658941877398,0.000141197901552974,"hybrid28S","Rec_binary_v_an_binary","rjhp","independent"
"beta1",0.563721282439,0.14735119456849,0.000104193028895318,0.000104193075366788,"hybrid28S","Rec_binary_v_an_binary","rjhp","independent"
"alpha2",0.5222031414115,0.18155449356522,0.000128378413554856,0.000128378453965347,"hybrid28S","Rec_binary_v_an_binary","rjhp","independent"
"beta2",0.5640034429575,0.147534380868843,0.000104322561170518,0.000104322617416401,"hybrid28S","Rec_binary_v_an_binary","rjhp","independent"
"Root...P.0.0.",0.5478961936995,0.174446342220842,0.000123352191537546,0.00012335225694074,"hybrid28S","Rec_binary_v_an_binary","rjhp","independent"
"Root...P.0.1.",0.172553261415,0.0810745229991665,0.0000573283449941753,0.000057399329869062,"hybrid28S","Rec_binary_v_an_binary","rjhp","independent"
"Root...P.1.0.",0.195313295099,0.125975621583898,0.0000890782162861647,0.0000891871968645666,"hybrid28S","Rec_binary_v_an_binary","rjhp","independent"
"Root...P.1.1.",0.08423724978,0.130054092134766,0.0000919621304695531,0.0000919621261449785,"hybrid28S","Rec_binary_v_an_binary","rjhp","independent"
"RJRates...Shape",0.652301015082,0.233183936429149,0.000164885942712824,0.000164993694849148,"hybrid28S","Rec_binary_v_an_binary","rjhp","independent"
"RJRates...Scale",0.6239032304,0.225505449700191,0.000159456432677527,0.000159456488215471,"hybrid28S","Rec_binary_v_an_binary","rjhp","independent"
"Lh",-50.631951218193,2.7280024053529,0.00192898899991825,0.0022399022874003,"hybrid28S","Rec_binary_v_an_binary","rjhp","dependent"
"No.Off.Parmeters",1.997584,0.144104730411901,0.000101897432075315,0.000104671033854699,"hybrid28S","Rec_binary_v_an_binary","rjhp","dependent"
"No.Off.Zero",1.876482,0.652102381758233,0.000461106016169145,0.000491018989489602,"hybrid28S","Rec_binary_v_an_binary","rjhp","dependent"
"q12",0.057905557133,0.155921608049812,0.000110253226385533,0.000118302956952205,"hybrid28S","Rec_binary_v_an_binary","rjhp","dependent"
"q13",0.071588366871,0.173474256390881,0.000122664823055285,0.000130365803810557,"hybrid28S","Rec_binary_v_an_binary","rjhp","dependent"
"q21",4.09038338889,1.9870142555895,0.00140503125444168,0.00181135828202201,"hybrid28S","Rec_binary_v_an_binary","rjhp","dependent"
"q24",3.635126813344,2.3286684654076,0.00164661726302499,0.00211896790279214,"hybrid28S","Rec_binary_v_an_binary","rjhp","dependent"
"q31",4.5639447849115,1.64384346465869,0.00116237286106935,0.00125863702128675,"hybrid28S","Rec_binary_v_an_binary","rjhp","dependent"
"q34",3.6314881481005,2.22122674505142,0.00157064449397878,0.0021070648163892,"hybrid28S","Rec_binary_v_an_binary","rjhp","dependent"
"q42",0.5098207599535,0.181112781563144,0.000128066076002857,0.00013236668399255,"hybrid28S","Rec_binary_v_an_binary","rjhp","dependent"
"q43",0.512721297578,0.184108594011153,0.000130184435300008,0.000134987233465283,"hybrid28S","Rec_binary_v_an_binary","rjhp","dependent"
"Root...P.0.0.",0.032658372508,0.0656640406283082,0.0000464314884083857,0.0000496328503150022,"hybrid28S","Rec_binary_v_an_binary","rjhp","dependent"
"Root...P.0.1.",0.4005257451885,0.22446124945542,0.000158718071603533,0.000225199241877852,"hybrid28S","Rec_binary_v_an_binary","rjhp","dependent"
"Root...P.1.0.",0.480952355908,0.228534199558025,0.000161598082240519,0.00023390405213178,"hybrid28S","Rec_binary_v_an_binary","rjhp","dependent"
"Root...P.1.1.",0.085863525904,0.0785611407217048,0.0000555511153420681,0.0000690368922392251,"hybrid28S","Rec_binary_v_an_binary","rjhp","dependent"
"RJRates...Shape",0.7678561796635,0.180795461166834,0.000127841696598817,0.00012775118003355,"hybrid28S","Rec_binary_v_an_binary","rjhp","dependent"
"RJRates...Scale",0.8497926133675,0.123813240632227,0.0000875491820517294,0.000087566132136617,"hybrid28S","Rec_binary_v_an_binary","rjhp","dependent"
"Lh",-78.208027984532,1.74630595527073,0.00123482478299839,0.00123691179246526,"iqtree","bristle_binary_v_an_binary","uniform","independent"
"alpha1",0.3209478387285,0.317886206315574,0.000224779492131408,0.000225020090449373,"iqtree","bristle_binary_v_an_binary","uniform","independent"
"beta1",1.9421103377135,0.527234896560904,0.000372811370636403,0.000372568272528335,"iqtree","bristle_binary_v_an_binary","uniform","independent"
"alpha2",0.313381468234,0.286949688280714,0.000202904070442659,0.000202904170519168,"iqtree","bristle_binary_v_an_binary","uniform","independent"
"beta2",1.286592329518,0.412043193013021,0.000291358535921265,0.000291086128152035,"iqtree","bristle_binary_v_an_binary","uniform","independent"
"Root...P.0.0.",0.1297697861875,0.106129336031113,0.0000750447731904261,0.0000751843838369743,"iqtree","bristle_binary_v_an_binary","uniform","independent"
"Root...P.0.1.",0.1872344223565,0.13077738716719,0.0000924735772917786,0.000092456794258293,"iqtree","bristle_binary_v_an_binary","uniform","independent"
"Root...P.1.0.",0.2794818910395,0.16526681348181,0.00011686128451808,0.00011686124514057,"iqtree","bristle_binary_v_an_binary","uniform","independent"
"Root...P.1.1.",0.403513900306,0.182271702258711,0.00012888555668555,0.000129077110718369,"iqtree","bristle_binary_v_an_binary","uniform","independent"
"Lh",-55.6213740509875,2.17739714707389,0.00153965228803219,0.00153744444813022,"iqtree","bristle_binary_v_an_binary","uniform","dependent"
"q12",1.084661328846,2.18944039943023,0.0015481681534409,0.00155011914066418,"iqtree","bristle_binary_v_an_binary","uniform","dependent"
"q13",0.6348672770915,0.888707339375474,0.000628410986162652,0.000628411146043935,"iqtree","bristle_binary_v_an_binary","uniform","dependent"
"q21",20.2177857879245,18.0952742846745,0.0127952911541239,0.0128084523198011,"iqtree","bristle_binary_v_an_binary","uniform","dependent"
"q24",36.8047721446075,29.4737683564777,0.0208411014719869,0.0208411038497496,"iqtree","bristle_binary_v_an_binary","uniform","dependent"
"q31",54.2140751005745,26.4725312912604,0.0187189063912233,0.0187163693520196,"iqtree","bristle_binary_v_an_binary","uniform","dependent"
"q34",45.6317473106315,28.1707778519646,0.019919748050424,0.01994099972112,"iqtree","bristle_binary_v_an_binary","uniform","dependent"
"q42",5.040431671982,4.02304422695927,0.00284472185389629,0.00284502708681387,"iqtree","bristle_binary_v_an_binary","uniform","dependent"
"q43",0.8632318835,0.881012595652377,0.000622969980696558,0.000622969648992863,"iqtree","bristle_binary_v_an_binary","uniform","dependent"
"Root...P.0.0.",0.1701968044755,0.079155379910407,0.0000559713059020462,0.0000559713324739934,"iqtree","bristle_binary_v_an_binary","uniform","dependent"
"Root...P.0.1.",0.293672770683,0.0886772228429607,0.0000627042656090482,0.0000627456729324575,"iqtree","bristle_binary_v_an_binary","uniform","dependent"
"Root...P.1.0.",0.370641285745,0.090426128428902,0.0000639409286085223,0.0000639408702041659,"iqtree","bristle_binary_v_an_binary","uniform","dependent"
"Root...P.1.1.",0.1654891392455,0.0659918053205266,0.0000466632530448868,0.0000467196967414808,"iqtree","bristle_binary_v_an_binary","uniform","dependent"
"Lh",-78.1110950868765,1.68307525537931,0.00119011392632599,0.00119011465269486,"iqtree","bristle_binary_v_an_binary","exp","independent"
"alpha1",0.3084805652555,0.301001364976379,0.000212840106321204,0.000212738883270609,"iqtree","bristle_binary_v_an_binary","exp","independent"
"beta1",1.9110426023215,0.515423389991696,0.000364459374245287,0.000365048776119349,"iqtree","bristle_binary_v_an_binary","exp","independent"
"alpha2",0.304342214431,0.278653611195285,0.000197037858078306,0.00019703789205814,"iqtree","bristle_binary_v_an_binary","exp","independent"
"beta2",1.268685687837,0.405528053445135,0.000286751636552436,0.000287359720391049,"iqtree","bristle_binary_v_an_binary","exp","independent"
"Root...P.0.0.",0.12772368238,0.105457830176737,0.0000745699468471899,0.0000745699692075271,"iqtree","bristle_binary_v_an_binary","exp","independent"
"Root...P.0.1.",0.1863781581975,0.131065263911156,0.000092677136889583,0.0000926771747637526,"iqtree","bristle_binary_v_an_binary","exp","independent"
"Root...P.1.0.",0.278908498757,0.165833292254246,0.000117261845499468,0.000117161939530436,"iqtree","bristle_binary_v_an_binary","exp","independent"
"Root...P.1.1.",0.406989660746,0.183185595302907,0.00012953177665438,0.000129816485114019,"iqtree","bristle_binary_v_an_binary","exp","independent"
"Lh",-54.5507906904685,1.90706895682043,0.00134850139155808,0.00134763610067967,"iqtree","bristle_binary_v_an_binary","exp","dependent"
"q12",0.6375502720305,0.825368644815569,0.00058362376572784,0.000585318859727202,"iqtree","bristle_binary_v_an_binary","exp","dependent"
"q13",0.4211433445225,0.540343607081918,0.000382080628738423,0.000381882191499008,"iqtree","bristle_binary_v_an_binary","exp","dependent"
"q21",13.8724576609425,7.66168563281896,0.00541762986628583,0.00541826743416768,"iqtree","bristle_binary_v_an_binary","exp","dependent"
"q24",9.1455001868435,8.20096714160291,0.00579895947811547,0.00580726114652317,"iqtree","bristle_binary_v_an_binary","exp","dependent"
"q31",17.7463484647915,13.5027985904252,0.00954792044828584,0.00955192163504626,"iqtree","bristle_binary_v_an_binary","exp","dependent"
"q34",12.922082014774,11.6447516902101,0.00823408288538105,0.008227842885325,"iqtree","bristle_binary_v_an_binary","exp","dependent"
"q42",2.3291956569855,1.15095904182288,0.00081385094334093,0.000814324928652689,"iqtree","bristle_binary_v_an_binary","exp","dependent"
"q43",0.457126121478,0.487193242907098,0.000344497645807874,0.000344497498745294,"iqtree","bristle_binary_v_an_binary","exp","dependent"
"Root...P.0.0.",0.127888146507,0.0718695491391471,0.0000508194455571107,0.0000507919918486707,"iqtree","bristle_binary_v_an_binary","exp","dependent"
"Root...P.0.1.",0.35579507072,0.111367336869092,0.0000787485991028214,0.0000787486207475052,"iqtree","bristle_binary_v_an_binary","exp","dependent"
"Root...P.1.0.",0.3396937945725,0.107559653440771,0.0000760561603300443,0.0000762437900885769,"iqtree","bristle_binary_v_an_binary","exp","dependent"
"Root...P.1.1.",0.176623388256,0.0897609851299314,0.0000634706012713593,0.0000634304554336963,"iqtree","bristle_binary_v_an_binary","exp","dependent"
"Lh",-77.9295514161175,2.66070740774791,0.00188140425077183,0.00205338933368619,"iqtree","bristle_binary_v_an_binary","rjhp","independent"
"No.Off.Parmeters",1.853807,0.363135887354631,0.000256775848440654,0.000317428078566918,"iqtree","bristle_binary_v_an_binary","rjhp","independent"
"No.Off.Zero",0.0638255,0.244441885579511,0.000172846514899298,0.00024633232963772,"iqtree","bristle_binary_v_an_binary","rjhp","independent"
"alpha1",0.182524234233,0.286918184985993,0.000202881794249332,0.000210569948781607,"iqtree","bristle_binary_v_an_binary","rjhp","independent"
"beta1",1.2961961101925,0.310258962274446,0.000219386216148162,0.000224111159890321,"iqtree","bristle_binary_v_an_binary","rjhp","independent"
"alpha2",0.230023028059,0.346047818321032,0.000244692758949612,0.000307409757844673,"iqtree","bristle_binary_v_an_binary","rjhp","independent"
"beta2",1.293001506839,0.311303964899101,0.000220125144590414,0.000225320340043101,"iqtree","bristle_binary_v_an_binary","rjhp","independent"
"Root...P.0.0.",0.1099776818825,0.180003305719049,0.000127281558109935,0.000127824026392589,"iqtree","bristle_binary_v_an_binary","rjhp","independent"
"Root...P.0.1.",0.134047183159,0.104970613996422,0.0000742254329821854,0.0000823234020511615,"iqtree","bristle_binary_v_an_binary","rjhp","independent"
"Root...P.1.0.",0.166026263636,0.159852893249086,0.000113033064808718,0.000157880489843699,"iqtree","bristle_binary_v_an_binary","rjhp","independent"
"Root...P.1.1.",0.589948870388,0.299035687717101,0.000211450162601545,0.00023019967899647,"iqtree","bristle_binary_v_an_binary","rjhp","independent"
"RJRates...Shape",0.6566415272125,0.222161347797404,0.000157091795545087,0.000156742505673468,"iqtree","bristle_binary_v_an_binary","rjhp","independent"
"RJRates...Scale",0.6986327724515,0.194533687974027,0.000137556089935663,0.000137577924801664,"iqtree","bristle_binary_v_an_binary","rjhp","independent"
"Lh",-57.753585309132,1.92322892654754,0.00135992821573589,0.00136069681183805,"iqtree","bristle_binary_v_an_binary","rjhp","dependent"
"No.Off.Parmeters",1.1162875,0.322342627178188,0.000227930657543184,0.000249322996668932,"iqtree","bristle_binary_v_an_binary","rjhp","dependent"
"No.Off.Zero",3.352786,0.51245406575476,0.000362359744941808,0.000393252265460252,"iqtree","bristle_binary_v_an_binary","rjhp","dependent"
"q12",0.0007581826215,0.0245389155408199,0.0000173516335818777,0.0000188695681176622,"iqtree","bristle_binary_v_an_binary","rjhp","dependent"
"q13",0.0003302610455,0.0132851012785373,0.00000939398520280382,0.000010366360975367,"iqtree","bristle_binary_v_an_binary","rjhp","dependent"
"q21",3.2911262545595,1.07792550823745,0.000762208436488653,0.000763030442081646,"iqtree","bristle_binary_v_an_binary","rjhp","dependent"
"q24",3.256754904985,1.06458456824651,0.000752774967353657,0.000753468722265606,"iqtree","bristle_binary_v_an_binary","rjhp","dependent"
"q31",2.0604602079425,1.73856663469998,0.00122935225694103,0.00123128372269194,"iqtree","bristle_binary_v_an_binary","rjhp","dependent"
"q34",3.176367072647,1.07945696486845,0.00076329133985753,0.000770185479592385,"iqtree","bristle_binary_v_an_binary","rjhp","dependent"
"q42",2.9066174315685,0.777272768027294,0.000549614845103738,0.00054961518919478,"iqtree","bristle_binary_v_an_binary","rjhp","dependent"
"q43",0.0014900627355,0.0361173581287976,0.0000255388288514158,0.0000274427623374471,"iqtree","bristle_binary_v_an_binary","rjhp","dependent"
"Root...P.0.0.",0.0003575417155,0.00764391270070829,0.00000540506250546881,0.00000693504528656634,"iqtree","bristle_binary_v_an_binary","rjhp","dependent"
"Root...P.0.1.",0.565759569724,0.166389371581085,0.000117655052962353,0.000117988256785415,"iqtree","bristle_binary_v_an_binary","rjhp","dependent"
"Root...P.1.0.",0.286326015978,0.203698020813331,0.000144036251831385,0.000144496767220297,"iqtree","bristle_binary_v_an_binary","rjhp","dependent"
"Root...P.1.1.",0.1475568730845,0.0508913940414437,0.0000359856498307415,0.0000360747977011294,"iqtree","bristle_binary_v_an_binary","rjhp","dependent"
"RJRates...Shape",0.729907258601,0.208759632730599,0.00014761535194182,0.000147449049293867,"iqtree","bristle_binary_v_an_binary","rjhp","dependent"
"RJRates...Scale",0.8242131760375,0.137633631816718,0.0000973216743769337,0.0000973216123239685,"iqtree","bristle_binary_v_an_binary","rjhp","dependent"
"Lh",-77.7227031052275,1.74341750944053,0.00123278234336476,0.0012331719501313,"exabayes","bristle_binary_v_an_binary","uniform","independent"
"alpha1",0.309673143937,0.303604133393169,0.000214680541518575,0.000214680397204878,"exabayes","bristle_binary_v_an_binary","uniform","independent"
"beta1",1.928406213438,0.520292093509111,0.000367902067518038,0.000368168849621447,"exabayes","bristle_binary_v_an_binary","uniform","independent"
"alpha2",0.3041055997515,0.27936945085287,0.000197544033154426,0.000198073033004251,"exabayes","bristle_binary_v_an_binary","uniform","independent"
"beta2",1.2760887623995,0.407254657351134,0.000287972529882791,0.000287826908382289,"exabayes","bristle_binary_v_an_binary","uniform","independent"
"Root...P.0.0.",0.1291498161355,0.106238196547999,0.0000751217492001194,0.0000751862233252665,"exabayes","bristle_binary_v_an_binary","uniform","independent"
"Root...P.0.1.",0.1884372265545,0.132257984363012,0.0000935205176091501,0.0000934732567465993,"exabayes","bristle_binary_v_an_binary","uniform","independent"
"Root...P.1.0.",0.2775655941565,0.16476541521983,0.000116506742406959,0.000116611376272933,"exabayes","bristle_binary_v_an_binary","uniform","independent"
"Root...P.1.1.",0.4048473633905,0.182531655247586,0.000129069371206773,0.000129128714365536,"exabayes","bristle_binary_v_an_binary","uniform","independent"
"Lh",-55.4745219019555,2.16271430475626,0.0015292699506623,0.00152926878898152,"exabayes","bristle_binary_v_an_binary","uniform","dependent"
"q12",1.1352291607595,2.28308941518687,0.00161438800753386,0.00161517569065748,"exabayes","bristle_binary_v_an_binary","uniform","dependent"
"q13",0.6246057297465,0.88194129630564,0.000623626671226172,0.000624891471244255,"exabayes","bristle_binary_v_an_binary","uniform","dependent"
"q21",20.537206743242,18.4663348151094,0.0130576705714251,0.0130576782952831,"exabayes","bristle_binary_v_an_binary","uniform","dependent"
"q24",36.248876394389,29.5237844453642,0.0208764681876069,0.020879508164199,"exabayes","bristle_binary_v_an_binary","uniform","dependent"
"q31",54.210861784742,26.4424759708406,0.0186976540703437,0.018718506567117,"exabayes","bristle_binary_v_an_binary","uniform","dependent"
"q34",45.453901457707,28.1991063278782,0.0199397793078432,0.0199272599652527,"exabayes","bristle_binary_v_an_binary","uniform","dependent"
"q42",4.9700314354265,4.01008399531301,0.00283555758621347,0.00284108299063971,"exabayes","bristle_binary_v_an_binary","uniform","dependent"
"q43",0.8601061601565,0.877700580254453,0.000620628032149292,0.000620469363893739,"exabayes","bristle_binary_v_an_binary","uniform","dependent"
"Root...P.0.0.",0.170230515079,0.0789397542297734,0.0000558188355210722,0.000055818875262239,"exabayes","bristle_binary_v_an_binary","uniform","dependent"
"Root...P.0.1.",0.292381016764,0.0889922107891904,0.0000629269957218192,0.0000629908482847607,"exabayes","bristle_binary_v_an_binary","uniform","dependent"
"Root...P.1.0.",0.3713518848725,0.090774875759254,0.0000641875302107349,0.0000641875092037158,"exabayes","bristle_binary_v_an_binary","uniform","dependent"
"Root...P.1.1.",0.1660365837385,0.0670267772598592,0.0000473950887215267,0.0000474094463559369,"exabayes","bristle_binary_v_an_binary","uniform","dependent"
"Lh",-77.630428369703,1.68333554100667,0.00119029797605814,0.00119243945621515,"exabayes","bristle_binary_v_an_binary","exp","independent"
"alpha1",0.2979320437125,0.289879345255907,0.000204975650756368,0.000205031111974011,"exabayes","bristle_binary_v_an_binary","exp","independent"
"beta1",1.898618639635,0.510168252896532,0.000360743431169231,0.000360929723612538,"exabayes","bristle_binary_v_an_binary","exp","independent"
"alpha2",0.295905170274,0.271445813435875,0.000191941175405205,0.000192224931575626,"exabayes","bristle_binary_v_an_binary","exp","independent"
"beta2",1.2597661602665,0.401380663767837,0.000283818989187395,0.000283645934375773,"exabayes","bristle_binary_v_an_binary","exp","independent"
"Root...P.0.0.",0.127387610752,0.105661306406391,0.000074713826268989,0.0000747541850244296,"exabayes","bristle_binary_v_an_binary","exp","independent"
"Root...P.0.1.",0.187532498602,0.132229792096689,0.000093500582666456,0.0000935006332781952,"exabayes","bristle_binary_v_an_binary","exp","independent"
"Root...P.1.0.",0.2771247533605,0.165062975029279,0.000116717148966029,0.000116717224871874,"exabayes","bristle_binary_v_an_binary","exp","independent"
"Root...P.1.1.",0.4079551370625,0.183202777816653,0.000129543926526367,0.000129543964406072,"exabayes","bristle_binary_v_an_binary","exp","independent"
"Lh",-54.4382493770145,1.89487279699668,0.00133987740424227,0.00134081576267844,"exabayes","bristle_binary_v_an_binary","exp","dependent"
"q12",0.6599732381535,0.851265573738215,0.000601935659780949,0.000602543013452729,"exabayes","bristle_binary_v_an_binary","exp","dependent"
"q13",0.416977223742,0.539018011925257,0.00038114329141404,0.000381143497189334,"exabayes","bristle_binary_v_an_binary","exp","dependent"
"q21",13.928949909223,7.77002518135779,0.00549423749572833,0.00549130556505449,"exabayes","bristle_binary_v_an_binary","exp","dependent"
"q24",9.0005324881085,8.20039704189555,0.00579855635674645,0.00580194068922805,"exabayes","bristle_binary_v_an_binary","exp","dependent"
"q31",17.8266927108765,13.5133737127779,0.00955539818901326,0.00955965529318368,"exabayes","bristle_binary_v_an_binary","exp","dependent"
"q34",12.823176623691,11.5771067864167,0.00818625071519606,0.00817787402768458,"exabayes","bristle_binary_v_an_binary","exp","dependent"
"q42",2.3055180992475,1.14454664194408,0.000809316691902951,0.000807814885251135,"exabayes","bristle_binary_v_an_binary","exp","dependent"
"q43",0.4595608010235,0.487410320755091,0.000344651143026235,0.000345424273858929,"exabayes","bristle_binary_v_an_binary","exp","dependent"
"Root...P.0.0.",0.1299399721595,0.0723683328617984,0.0000511721389097429,0.0000512389869643413,"exabayes","bristle_binary_v_an_binary","exp","dependent"
"Root...P.0.1.",0.352552747354,0.111564967546492,0.0000788883450949816,0.0000789202135683446,"exabayes","bristle_binary_v_an_binary","exp","dependent"
"Root...P.1.0.",0.3402237400745,0.107566739721002,0.0000760611710868492,0.0000760036724076199,"exabayes","bristle_binary_v_an_binary","exp","dependent"
"Root...P.1.1.",0.1772835403155,0.0907999264923811,0.0000642052437540027,0.0000642050919801562,"exabayes","bristle_binary_v_an_binary","exp","dependent"
"Lh",-77.3937314893425,2.61190885796979,0.00184689846531165,0.00202763620414723,"exabayes","bristle_binary_v_an_binary","rjhp","independent"
"No.Off.Parmeters",1.8665905,0.350577333497166,0.000247895609846144,0.000308320975727212,"exabayes","bristle_binary_v_an_binary","rjhp","independent"
"No.Off.Zero",0.060227,0.237906991849479,0.00016822564722846,0.000242323954462315,"exabayes","bristle_binary_v_an_binary","rjhp","independent"
"alpha1",0.172346696062,0.274032018934722,0.000193769898850982,0.000202217483976847,"exabayes","bristle_binary_v_an_binary","rjhp","independent"
"beta1",1.292738237809,0.306490991893875,0.00021672185874075,0.00022154574475007,"exabayes","bristle_binary_v_an_binary","rjhp","independent"
"alpha2",0.216179469014,0.332132943732756,0.000234853456768882,0.000297020609480168,"exabayes","bristle_binary_v_an_binary","rjhp","independent"
"beta2",1.289694834769,0.307376026760148,0.000217347672896278,0.000222636739358541,"exabayes","bristle_binary_v_an_binary","rjhp","independent"
"Root...P.0.0.",0.1069269700485,0.177693026989033,0.000125647944353509,0.000126290752665413,"exabayes","bristle_binary_v_an_binary","rjhp","independent"
"Root...P.0.1.",0.135393766417,0.105881076362818,0.0000748692270954793,0.0000836878630020047,"exabayes","bristle_binary_v_an_binary","rjhp","independent"
"Root...P.1.0.",0.162023266447,0.156035946327084,0.000110334075756741,0.000155268313002566,"exabayes","bristle_binary_v_an_binary","rjhp","independent"
"Root...P.1.1.",0.5956559962525,0.295791734940701,0.000209156341595504,0.000228254387864621,"exabayes","bristle_binary_v_an_binary","rjhp","independent"
"RJRates...Shape",0.655942276714,0.222178188967536,0.000157103704050691,0.000157709849321387,"exabayes","bristle_binary_v_an_binary","rjhp","independent"
"RJRates...Scale",0.6977833240335,0.194819224381472,0.000137757994665643,0.000137772200462733,"exabayes","bristle_binary_v_an_binary","rjhp","independent"
"Lh",-57.6305442652355,1.8589942502764,0.00131450744055724,0.00131866238848501,"exabayes","bristle_binary_v_an_binary","rjhp","dependent"
"No.Off.Parmeters",1.1099865,0.314635534095416,0.00022248091976112,0.000242476109832665,"exabayes","bristle_binary_v_an_binary","rjhp","dependent"
"No.Off.Zero",3.355609,0.511941764423639,0.000361997493196561,0.000390908644226248,"exabayes","bristle_binary_v_an_binary","rjhp","dependent"
"q12",0.000764519183,0.0248642558060967,0.0000175816838896479,0.0000191412284972829,"exabayes","bristle_binary_v_an_binary","rjhp","dependent"
"q13",0.00031501738,0.0132430931155484,0.00000936428094588914,0.000010281730658617,"exabayes","bristle_binary_v_an_binary","rjhp","dependent"
"q21",3.230882132441,1.05009899711794,0.000742532121779291,0.000744127176386627,"exabayes","bristle_binary_v_an_binary","rjhp","dependent"
"q24",3.194373306741,1.03499531477269,0.000731852205572076,0.0007318575828892,"exabayes","bristle_binary_v_an_binary","rjhp","dependent"
"q31",2.0226012832405,1.70908575979138,0.00120850613037785,0.00121032668562456,"exabayes","bristle_binary_v_an_binary","rjhp","dependent"
"q34",3.122912156337,1.05298741866858,0.00074457454424467,0.000752206274254983,"exabayes","bristle_binary_v_an_binary","rjhp","dependent"
"q42",2.8741263633595,0.761427295829185,0.000538410404261352,0.000538008113946482,"exabayes","bristle_binary_v_an_binary","rjhp","dependent"
"q43",0.001374850503,0.0343575893202247,0.0000242944843935534,0.0000262616947759486,"exabayes","bristle_binary_v_an_binary","rjhp","dependent"
"Root...P.0.0.",0.000356122851,0.00796674299507787,0.00000563333799578999,0.00000708176931675962,"exabayes","bristle_binary_v_an_binary","rjhp","dependent"
"Root...P.0.1.",0.571047272407,0.166278144023713,0.000117576403202281,0.000117939542558065,"exabayes","bristle_binary_v_an_binary","rjhp","dependent"
"Root...P.1.0.",0.282462723604,0.202431903189372,0.000143140971473703,0.000143595978578227,"exabayes","bristle_binary_v_an_binary","rjhp","dependent"
"Root...P.1.1.",0.146133880927,0.0502319731393368,0.0000355193688392056,0.0000355372068201728,"exabayes","bristle_binary_v_an_binary","rjhp","dependent"
"RJRates...Shape",0.728692662656,0.209215003788082,0.000147937347904522,0.000148265932986613,"exabayes","bristle_binary_v_an_binary","rjhp","dependent"
"RJRates...Scale",0.8223811593755,0.138539362688781,0.0000979621228184994,0.0000979013660069531,"exabayes","bristle_binary_v_an_binary","rjhp","dependent"
"Lh",-101.004719921343,1.56503747261513,0.00110664860969721,0.00110664870337783,"hybrid28S","bristle_binary_v_an_binary","uniform","independent"
"alpha1",0.4544330461525,0.353120913149185,0.000249694192266574,0.000249845211327664,"hybrid28S","bristle_binary_v_an_binary","uniform","independent"
"beta1",1.604751862628,0.410560290855055,0.00029030996574953,0.000290383000616949,"hybrid28S","bristle_binary_v_an_binary","uniform","independent"
"alpha2",0.3632402122705,0.277146779250938,0.00019597236699235,0.000195972443416264,"hybrid28S","bristle_binary_v_an_binary","uniform","independent"
"beta2",1.1743327484385,0.338136589748998,0.00023909867557881,0.000239225276508884,"hybrid28S","bristle_binary_v_an_binary","uniform","independent"
"Root...P.0.0.",0.212566405516,0.126364652082394,0.0000893533023897393,0.0000893212461348715,"hybrid28S","bristle_binary_v_an_binary","uniform","independent"
"Root...P.0.1.",0.231131969387,0.131657651174959,0.0000930960179409068,0.0000931536866898368,"hybrid28S","bristle_binary_v_an_binary","uniform","independent"
"Root...P.1.0.",0.2664737738005,0.141834930451182,0.000100292441131153,0.000100244419804293,"hybrid28S","bristle_binary_v_an_binary","uniform","independent"
"Root...P.1.1.",0.289827851143,0.146686646593047,0.000103723122515458,0.000103857858966483,"hybrid28S","bristle_binary_v_an_binary","uniform","independent"
"Lh",-71.3350635116885,2.01547464687806,0.00142515579011704,0.0014251553009575,"hybrid28S","bristle_binary_v_an_binary","uniform","dependent"
"q12",0.526334429421,0.940633806708067,0.00066512854333659,0.000665949595007457,"hybrid28S","bristle_binary_v_an_binary","uniform","dependent"
"q13",0.742234716071,1.0356299058871,0.000732300929252354,0.000734183456213536,"hybrid28S","bristle_binary_v_an_binary","uniform","dependent"
"q21",15.6921768527615,13.8776660338457,0.00981299175957454,0.00981299437634905,"hybrid28S","bristle_binary_v_an_binary","uniform","dependent"
"q24",44.7789503369665,28.0371362224064,0.0198252491479146,0.0198252263281872,"hybrid28S","bristle_binary_v_an_binary","uniform","dependent"
"q31",48.180714645091,26.7306098139923,0.0189013954647256,0.0188840073983539,"hybrid28S","bristle_binary_v_an_binary","uniform","dependent"
"q34",44.1413525523995,28.2319894636095,0.0199630311961055,0.0199630313016569,"hybrid28S","bristle_binary_v_an_binary","uniform","dependent"
"q42",4.3315001957755,2.94430516829354,0.00208193815038296,0.00208738461651822,"hybrid28S","bristle_binary_v_an_binary","uniform","dependent"
"q43",1.138167243519,0.957550346920446,0.000677090343634979,0.000676191400637658,"hybrid28S","bristle_binary_v_an_binary","uniform","dependent"
"Root...P.0.0.",0.183354848691,0.0806825909797831,0.0000570512072055052,0.0000570511711568394,"hybrid28S","bristle_binary_v_an_binary","uniform","dependent"
"Root...P.0.1.",0.303484051655,0.0972492296940105,0.000068765589781803,0.0000687300939011219,"hybrid28S","bristle_binary_v_an_binary","uniform","dependent"
"Root...P.1.0.",0.380105199871,0.0974852577551838,0.0000689324868244089,0.000068937981401653,"hybrid28S","bristle_binary_v_an_binary","uniform","dependent"
"Root...P.1.1.",0.1330558992295,0.0456743996480547,0.000032296677717764,0.0000323612842855019,"hybrid28S","bristle_binary_v_an_binary","uniform","dependent"
"Lh",-100.932858792814,1.51221068992902,0.0010692944334316,0.0010692946967942,"hybrid28S","bristle_binary_v_an_binary","exp","independent"
"alpha1",0.4404947826335,0.3415086495603,0.000241483081937948,0.000241098378053201,"hybrid28S","bristle_binary_v_an_binary","exp","independent"
"beta1",1.585615534866,0.404762132456275,0.00028621004862736,0.000286399807619519,"hybrid28S","bristle_binary_v_an_binary","exp","independent"
"alpha2",0.355325808644,0.270903810073301,0.000191557921152104,0.000191491956377117,"hybrid28S","bristle_binary_v_an_binary","exp","independent"
"beta2",1.162186693459,0.334145933937509,0.000236276855793125,0.000236141817091087,"hybrid28S","bristle_binary_v_an_binary","exp","independent"
"Root...P.0.0.",0.21023400689,0.126129136960835,0.0000891867680502131,0.0000892658187554789,"hybrid28S","bristle_binary_v_an_binary","exp","independent"
"Root...P.0.1.",0.230470319737,0.132035654201432,0.0000933633064442346,0.0000933632352376138,"hybrid28S","bristle_binary_v_an_binary","exp","independent"
"Root...P.1.0.",0.266810337661,0.142492177984669,0.000100757185319,0.000100904479158354,"hybrid28S","bristle_binary_v_an_binary","exp","independent"
"Root...P.1.1.",0.2924853357295,0.147735833329877,0.000104465009571802,0.000104511033039172,"hybrid28S","bristle_binary_v_an_binary","exp","independent"
"Lh",-70.19183880734,1.82724532218289,0.00129205755820692,0.00129289954151088,"hybrid28S","bristle_binary_v_an_binary","exp","dependent"
"q12",0.428253222388,0.516998461438889,0.00036557311794645,0.000366019797653215,"hybrid28S","bristle_binary_v_an_binary","exp","dependent"
"q13",0.450152591345,0.564840573895396,0.000399402600090736,0.000398887543634982,"hybrid28S","bristle_binary_v_an_binary","exp","dependent"
"q21",12.916370545437,7.12564683681589,0.00503859319865298,0.00502689915180981,"hybrid28S","bristle_binary_v_an_binary","exp","dependent"
"q24",12.3885001997285,9.16776939631239,0.00648259190848699,0.0064897636745762,"hybrid28S","bristle_binary_v_an_binary","exp","dependent"
"q31",16.292864165134,12.3942989208001,0.00876409281495082,0.00875963321970948,"hybrid28S","bristle_binary_v_an_binary","exp","dependent"
"q34",12.7444436450735,11.2754811787077,0.00797296920260553,0.00795514397844453,"hybrid28S","bristle_binary_v_an_binary","exp","dependent"
"q42",2.0597594564465,1.00521736600681,0.000710796016069896,0.000710796289772331,"hybrid28S","bristle_binary_v_an_binary","exp","dependent"
"q43",0.6154517776835,0.527157093237111,0.00037275635537855,0.000372464146302791,"hybrid28S","bristle_binary_v_an_binary","exp","dependent"
"Root...P.0.0.",0.131876893146,0.0734654428061106,0.0000519479127910733,0.0000520866857032031,"hybrid28S","bristle_binary_v_an_binary","exp","dependent"
"Root...P.0.1.",0.3922270540135,0.105503492870112,0.0000746022352473228,0.0000746804515963575,"hybrid28S","bristle_binary_v_an_binary","exp","dependent"
"Root...P.1.0.",0.3406098577585,0.109759833750806,0.000077611922747103,0.0000776892868329625,"hybrid28S","bristle_binary_v_an_binary","exp","dependent"
"Root...P.1.1.",0.1352861952445,0.0610077012128472,0.000043138959232207,0.0000431394426126789,"hybrid28S","bristle_binary_v_an_binary","exp","dependent"
"Lh",-102.847906157385,2.66585903317187,0.00188504700004324,0.00188504836832527,"hybrid28S","bristle_binary_v_an_binary","rjhp","independent"
"No.Off.Parmeters",1.4693805,0.502620704441769,0.000355406508475535,0.000355406753284768,"hybrid28S","bristle_binary_v_an_binary","rjhp","independent"
"No.Off.Zero",0.0376555,0.190361712112865,0.000134606057513288,0.000135551630210033,"hybrid28S","bristle_binary_v_an_binary","rjhp","independent"
"alpha1",0.557118700538,0.393824674927324,0.000278476098239698,0.000278476268535293,"hybrid28S","bristle_binary_v_an_binary","rjhp","independent"
"beta1",1.0483638868125,0.264944248361767,0.000187343874652978,0.000187320116896474,"hybrid28S","bristle_binary_v_an_binary","rjhp","independent"
"alpha2",0.564865469908,0.393571941093436,0.000278297388431921,0.000278114085836647,"hybrid28S","bristle_binary_v_an_binary","rjhp","independent"
"beta2",1.0457213958545,0.264893891320043,0.000187308266847295,0.000187269095984595,"hybrid28S","bristle_binary_v_an_binary","rjhp","independent"
"Root...P.0.0.",0.375129882328,0.249738823947369,0.000176592015938738,0.000176592097239519,"hybrid28S","bristle_binary_v_an_binary","rjhp","independent"
"Root...P.0.1.",0.187017106816,0.0902552929839745,0.000063820129706947,0.0000641847715649007,"hybrid28S","bristle_binary_v_an_binary","rjhp","independent"
"Root...P.1.0.",0.193474614086,0.103218597258979,0.0000729865700663872,0.0000730658345514148,"hybrid28S","bristle_binary_v_an_binary","rjhp","independent"
"Root...P.1.1.",0.244378396355,0.259637873661465,0.000183591701118878,0.000183639535358112,"hybrid28S","bristle_binary_v_an_binary","rjhp","independent"
"RJRates...Shape",0.680673885406,0.220759227129742,0.000156100346512942,0.00015637248516295,"hybrid28S","bristle_binary_v_an_binary","rjhp","independent"
"RJRates...Scale",0.685893469977,0.200435293651216,0.000141729155329892,0.000141606469739024,"hybrid28S","bristle_binary_v_an_binary","rjhp","independent"
"Lh",-72.086154374732,2.78153917114501,0.00196684521005265,0.00243950645163722,"hybrid28S","bristle_binary_v_an_binary","rjhp","dependent"
"No.Off.Parmeters",2.081336,0.277570700231033,0.000196272124392062,0.000246371611440008,"hybrid28S","bristle_binary_v_an_binary","rjhp","dependent"
"No.Off.Zero",1.9800875,0.494172150618397,0.000349432478775808,0.000385279648508972,"hybrid28S","bristle_binary_v_an_binary","rjhp","dependent"
"q12",0.04166160009,0.169227264474649,0.000119661746271674,0.000126327855328986,"hybrid28S","bristle_binary_v_an_binary","rjhp","dependent"
"q13",0.0499269900575,0.21159072052442,0.000149617233318965,0.000224219062587163,"hybrid28S","bristle_binary_v_an_binary","rjhp","dependent"
"q21",5.9421193383175,1.75625964932207,0.00124186310755994,0.00241289784263312,"hybrid28S","bristle_binary_v_an_binary","rjhp","dependent"
"q24",5.114206889818,2.42930078164055,0.00171777505623981,0.00261325931131227,"hybrid28S","bristle_binary_v_an_binary","rjhp","dependent"
"q31",5.586995291725,2.19029899208274,0.00154877527012777,0.00239011517998267,"hybrid28S","bristle_binary_v_an_binary","rjhp","dependent"
"q34",5.213690783703,2.51811320361837,0.00178057492207393,0.00281199847611076,"hybrid28S","bristle_binary_v_an_binary","rjhp","dependent"
"q42",1.012958356716,0.493206536147314,0.000348749686235294,0.000473022909301284,"hybrid28S","bristle_binary_v_an_binary","rjhp","dependent"
"q43",0.7897656743775,0.346923159374498,0.000245311718544369,0.000367433710170769,"hybrid28S","bristle_binary_v_an_binary","rjhp","dependent"
"Root...P.0.0.",0.0186683124415,0.0533368976624181,0.0000377148820245487,0.0000434575768166608,"hybrid28S","bristle_binary_v_an_binary","rjhp","dependent"
"Root...P.0.1.",0.452337624837,0.178753605235031,0.000126397886423234,0.000229594995840784,"hybrid28S","bristle_binary_v_an_binary","rjhp","dependent"
"Root...P.1.0.",0.4280539857555,0.183097289742656,0.00012946933519391,0.000241566478218819,"hybrid28S","bristle_binary_v_an_binary","rjhp","dependent"
"Root...P.1.1.",0.100940077326,0.0553287945329772,0.0000391233658091453,0.0000530325838358381,"hybrid28S","bristle_binary_v_an_binary","rjhp","dependent"
"RJRates...Shape",0.790850475338,0.169188965637442,0.000119634664904173,0.000119730832230993,"hybrid28S","bristle_binary_v_an_binary","rjhp","dependent"
"RJRates...Scale",0.8827123058515,0.099559753656302,0.0000703993769436333,0.0000707469205984788,"hybrid28S","bristle_binary_v_an_binary","rjhp","dependent"
